"","text","favorited","favoriteCount","replyToSN","created","truncated","replyToSID","id","replyToUID","statusSource","screenName","retweetCount","isRetweet","retweeted","longitude","latitude"
"1","RT @SeanBurkeShow: I am begging BEGGING the people of Tik Tok to learn what POV means.",FALSE,0,NA,2022-09-26 21:56:31,FALSE,NA,"1574518304827269120",NA,"<a href=""http://twitter.com/download/android"" rel=""nofollow"">Twitter for Android</a>","inkyturtley",129,TRUE,FALSE,NA,NA
"2","RT @SkylieJ_: I posted my mom wearing my brand on tik tok and she went viral ü§© https://t.co/XiuiTtPWGV",FALSE,0,NA,2022-09-26 21:56:30,FALSE,NA,"1574518302042226688",NA,"<a href=""http://twitter.com/download/iphone"" rel=""nofollow"">Twitter for iPhone</a>","Omgschlim",915,TRUE,FALSE,NA,NA
"3","RT @SkylieJ_: I posted my mom wearing my brand on tik tok and she went viral ü§© https://t.co/XiuiTtPWGV",FALSE,0,NA,2022-09-26 21:56:25,FALSE,NA,"1574518278550085633",NA,"<a href=""http://twitter.com/download/iphone"" rel=""nofollow"">Twitter for iPhone</a>","BecominGreat",915,TRUE,FALSE,NA,NA
"4","RT @SkylieJ_: I posted my mom wearing my brand on tik tok and she went viral ü§© https://t.co/XiuiTtPWGV",FALSE,0,NA,2022-09-26 21:56:24,FALSE,NA,"1574518272766054400",NA,"<a href=""http://twitter.com/download/iphone"" rel=""nofollow"">Twitter for iPhone</a>","__Jvys__",915,TRUE,FALSE,NA,NA
"5","RT @CascadeIceWater: #GIVEAWAY ALERT! It‚Äôs officially fall, and we are feelin‚Äô it! To win free Cascade Ice, ‚Äúlike‚Äù this tweet + reply with‚Ä¶",FALSE,0,NA,2022-09-26 21:56:23,FALSE,NA,"1574518269335117824",NA,"<a href=""https://mobile.twitter.com"" rel=""nofollow"">Twitter Web App</a>","heathermahley",101,TRUE,FALSE,NA,NA
"6","RT @10KDunkin: The period uhhh girl from tik tok jus got signed , dat jus stamped music isn‚Äôt bout talent no more its bout tik tok views",FALSE,0,NA,2022-09-26 21:56:21,FALSE,NA,"1574518262997532672",NA,"<a href=""http://twitter.com/download/iphone"" rel=""nofollow"">Twitter for iPhone</a>","gasspaxkshawty",67,TRUE,FALSE,NA,NA
"7","RT @SkylieJ_: I posted my mom wearing my brand on tik tok and she went viral ü§© https://t.co/XiuiTtPWGV",FALSE,0,NA,2022-09-26 21:56:15,FALSE,NA,"1574518235608801282",NA,"<a href=""http://twitter.com/download/iphone"" rel=""nofollow"">Twitter for iPhone</a>","Prieannasmom",915,TRUE,FALSE,NA,NA
"8","Meta makes it easier to switch between Facebook and Instagram accounts - CNBC https://t.co/PzAY7N4dBr via @GoogleNews    
üòÜ",FALSE,0,NA,2022-09-26 21:56:14,FALSE,NA,"1574518233251475456",NA,"<a href=""https://mobile.twitter.com"" rel=""nofollow"">Twitter Web App</a>","OTheMiracle",0,FALSE,FALSE,NA,NA
"9","RT @longliveswift22: Imagine being on Tik tok making the stupidest theory videos that make NO fucking sense",FALSE,0,NA,2022-09-26 21:56:13,FALSE,NA,"1574518228604313629",NA,"<a href=""http://twitter.com/download/android"" rel=""nofollow"">Twitter for Android</a>","Wasabiboys",1,TRUE,FALSE,NA,NA
"10","RT @alOakhwan: It's like when women buy a really ugly pug and dress it up in g–∞y little outfits for tik tok",FALSE,0,NA,2022-09-26 21:56:12,FALSE,NA,"1574518226142330881",NA,"<a href=""https://mobile.twitter.com"" rel=""nofollow"">Twitter Web App</a>","CrumenLux",47,TRUE,FALSE,NA,NA
"11","RT @HermesIyele: Awwwwww, Hermes drops a heartfelt message to the fans on WhatsApp groups.

Twitter, Facebook and Instagram people wait for‚Ä¶",FALSE,0,NA,2022-09-26 21:56:12,FALSE,NA,"1574518223462096902",NA,"<a href=""http://twitter.com/download/iphone"" rel=""nofollow"">Twitter for iPhone</a>","HenryMart7",2,TRUE,FALSE,NA,NA
"12","RT @SkylieJ_: I posted my mom wearing my brand on tik tok and she went viral ü§© https://t.co/XiuiTtPWGV",FALSE,0,NA,2022-09-26 21:56:11,FALSE,NA,"1574518221788807168",NA,"<a href=""https://about.twitter.com/products/tweetdeck"" rel=""nofollow"">TweetDeck</a>","IamAnnyRobert",915,TRUE,FALSE,NA,NA
"13","RT @SkylieJ_: I posted my mom wearing my brand on tik tok and she went viral ü§© https://t.co/XiuiTtPWGV",FALSE,0,NA,2022-09-26 21:56:10,FALSE,NA,"1574518216130322432",NA,"<a href=""http://twitter.com/download/iphone"" rel=""nofollow"">Twitter for iPhone</a>","samsaraCyr",915,TRUE,FALSE,NA,NA
"14","RT @BarefootCampus: It's time for another #barefoot6packgiveaway !!!
How to enter: 
‚ö°Follow us
‚ö°Like this tweet
‚ö°Retweet this tweet

Winner‚Ä¶",FALSE,0,NA,2022-09-26 21:56:09,FALSE,NA,"1574518212212891648",NA,"<a href=""http://twitter.com/download/iphone"" rel=""nofollow"">Twitter for iPhone</a>","KimberlyTougas",171,TRUE,FALSE,NA,NA
"15","RT @SkylieJ_: I posted my mom wearing my brand on tik tok and she went viral ü§© https://t.co/XiuiTtPWGV",FALSE,0,NA,2022-09-26 21:56:07,FALSE,NA,"1574518204730335233",NA,"<a href=""http://twitter.com/download/iphone"" rel=""nofollow"">Twitter for iPhone</a>","anikaaa_87",915,TRUE,FALSE,NA,NA
"16","RT @SkylieJ_: I posted my mom wearing my brand on tik tok and she went viral ü§© https://t.co/XiuiTtPWGV",FALSE,0,NA,2022-09-26 21:56:04,FALSE,NA,"1574518191174426626",NA,"<a href=""http://twitter.com/download/iphone"" rel=""nofollow"">Twitter for iPhone</a>","donfendicci",915,TRUE,FALSE,NA,NA
"17","BEST CENTER ON 2K23 - !Twitter !Instagram !TikTok !YouTube 

https://t.co/Oo0LhH5JAK https://t.co/glzKQcSaWM",FALSE,0,NA,2022-09-26 21:56:03,FALSE,NA,"1574518188246720521",NA,"<a href=""http://twitter.com/download/iphone"" rel=""nofollow"">Twitter for iPhone</a>","1ouanity",0,FALSE,FALSE,NA,NA
"18","RT @SkylieJ_: I posted my mom wearing my brand on tik tok and she went viral ü§© https://t.co/XiuiTtPWGV",FALSE,0,NA,2022-09-26 21:56:03,FALSE,NA,"1574518187772837889",NA,"<a href=""http://twitter.com/download/iphone"" rel=""nofollow"">Twitter for iPhone</a>","AnnaDanBIB",915,TRUE,FALSE,NA,NA
"19","My #socials for people to reach out to me and #follow my other #content. This contains my #Twitter, #Instagram,‚Ä¶ https://t.co/v0Coov8B1n",FALSE,0,NA,2022-09-26 21:56:03,TRUE,NA,"1574518187420426245",NA,"<a href=""https://mobile.twitter.com"" rel=""nofollow"">Twitter Web App</a>","TheWinterEnby",0,FALSE,FALSE,NA,NA
"20","@ShiLLin_ViLLian Your being a @barkmeta now on Tik Tok ü§¶‚Äç‚ôÇÔ∏è",FALSE,0,"ShiLLin_ViLLian",2022-09-26 21:56:01,FALSE,"1574515074936754177","1574518179275104258","1064982684060057606","<a href=""http://twitter.com/download/iphone"" rel=""nofollow"">Twitter for iPhone</a>","tiger_slam",0,FALSE,FALSE,NA,NA
"21","RT @SkylieJ_: I posted my mom wearing my brand on tik tok and she went viral ü§© https://t.co/XiuiTtPWGV",FALSE,0,NA,2022-09-26 21:55:59,FALSE,NA,"1574518168038563850",NA,"<a href=""http://twitter.com/download/android"" rel=""nofollow"">Twitter for Android</a>","lisa_matiwana",915,TRUE,FALSE,NA,NA
"22","Awwwwww, Hermes drops a heartfelt message to the fans on WhatsApp groups.

Twitter, Facebook and Instagram people w‚Ä¶ https://t.co/HqvUWqyfPE",FALSE,9,NA,2022-09-26 21:55:58,TRUE,NA,"1574518165995937802",NA,"<a href=""http://twitter.com/download/iphone"" rel=""nofollow"">Twitter for iPhone</a>","HermesIyele",2,FALSE,FALSE,NA,NA
"23","RT @SkylieJ_: I posted my mom wearing my brand on tik tok and she went viral ü§© https://t.co/XiuiTtPWGV",FALSE,0,NA,2022-09-26 21:55:57,FALSE,NA,"1574518160816230400",NA,"<a href=""http://twitter.com/download/iphone"" rel=""nofollow"">Twitter for iPhone</a>","princessomaaa",915,TRUE,FALSE,NA,NA
"24","RT @SkylieJ_: I posted my mom wearing my brand on tik tok and she went viral ü§© https://t.co/XiuiTtPWGV",FALSE,0,NA,2022-09-26 21:55:56,FALSE,NA,"1574518155719892995",NA,"<a href=""http://twitter.com/download/iphone"" rel=""nofollow"">Twitter for iPhone</a>","Sapphairis",915,TRUE,FALSE,NA,NA
"25","@lastSonOfCy Wait nvm one lady on tik tok said so",FALSE,0,"somah_ski",2022-09-26 21:55:55,FALSE,"1574517943181881344","1574518153173815301","957693698803892225","<a href=""http://twitter.com/download/iphone"" rel=""nofollow"">Twitter for iPhone</a>","somah_ski",0,FALSE,FALSE,NA,NA
"26","RT @FarrisFlagg: Watching #TheJenniferHudsonShow on @FOXLA! Weekdays at 12pm! #ImWithJHud! Follow @JHudShow on @Twitter, @instagram, @faceb‚Ä¶",FALSE,0,NA,2022-09-26 21:55:51,FALSE,NA,"1574518135239372800",NA,"<a href=""http://twitter.com/download/iphone"" rel=""nofollow"">Twitter for iPhone</a>","StanAretha",2,TRUE,FALSE,NA,NA
"27","RT @bengaljims_BTR: We‚Äôre partnering w @goldstarchili, Official Chili of the #Bengals, to give 2 tix to TNF vs #Dolphins 

TO ENTER follow‚Ä¶",FALSE,0,NA,2022-09-26 21:55:50,FALSE,NA,"1574518133683019790",NA,"<a href=""http://twitter.com/download/android"" rel=""nofollow"">Twitter for Android</a>","rhino_sheath",24,TRUE,FALSE,NA,NA
"28","@_danyellb Tik Tok showed me enough for the day, that‚Äôs why I don‚Äôt be on there lmao",FALSE,0,"_danyellb",2022-09-26 21:55:44,FALSE,"1574517782359658496","1574518108739358720","613796953","<a href=""http://twitter.com/download/iphone"" rel=""nofollow"">Twitter for iPhone</a>","FamousTripp",0,FALSE,FALSE,NA,NA
"29","@kay_t12 @MetaNewsroom @facebook @instagram Support services will only take you round in circles without offering a‚Ä¶ https://t.co/T8r01UEDou",FALSE,0,"kay_t12",2022-09-26 21:55:43,TRUE,"1574515428507889664","1574518103899541505","250435656","<a href=""http://twitter.com/download/android"" rel=""nofollow"">Twitter for Android</a>","quinice8",0,FALSE,FALSE,NA,NA
"30","Contacting their support is totally pointless, because they are not going to reply. You can inbox us now we‚Äôre fast‚Ä¶ https://t.co/Gs9biFqRrw",FALSE,1,NA,2022-09-26 21:55:43,TRUE,NA,"1574518101114249327",NA,"<a href=""http://twitter.com/download/iphone"" rel=""nofollow"">Twitter for iPhone</a>","point2_hack",0,FALSE,FALSE,NA,NA
"31","@eclipsethis2003 First time I have seen a tik tok of a chick with red hair crying and it made sense.

This is the s‚Ä¶ https://t.co/hU4qglOuVK",FALSE,0,"eclipsethis2003",2022-09-26 21:55:38,TRUE,"1574505684988731392","1574518083376631808","252165928","<a href=""http://twitter.com/download/android"" rel=""nofollow"">Twitter for Android</a>","mr_lane81",0,FALSE,FALSE,NA,NA
"32","Meet #TheTeamBehindYourTeam üòé‚Å†
‚Å†
üí• Hi! I am DJ, Account Manager at Creatively Disruptive. üí•
‚Å†
Building a strong rel‚Ä¶ https://t.co/1fm3jZSRwu",FALSE,0,NA,2022-09-26 21:55:38,TRUE,NA,"1574518081489145856",NA,"<a href=""https://www.later.com"" rel=""nofollow"">LaterMedia</a>","Creatively_D",0,FALSE,FALSE,NA,NA
"33","RT @kyylareneee: Not this girl on tik tok wearing my brand and it got a million likes??)!)?  Hello??!)? https://t.co/SwVMVA2qKm",FALSE,0,NA,2022-09-26 21:55:37,FALSE,NA,"1574518077416689664",NA,"<a href=""http://twitter.com/download/iphone"" rel=""nofollow"">Twitter for iPhone</a>","_YvngJinsengg",3,TRUE,FALSE,NA,NA
"34","@ChuckCallesto @PeacefulConserv Reparations? Really? Cause I‚Äôm seeing all these tik tok videos lately of black grou‚Ä¶ https://t.co/kYmoZ2BflE",FALSE,0,"ChuckCallesto",2022-09-26 21:55:34,TRUE,"1574493953394720789","1574518064871342080","4765364386","<a href=""http://twitter.com/download/iphone"" rel=""nofollow"">Twitter for iPhone</a>","aTmCrickett",0,FALSE,FALSE,NA,NA
"35","RT @Knwupdate: ·Ø§ „ÄãIG : lipsmagazine ‚Ä¢ 26.09.22

ü™Ñ https://t.co/9sYjeCcELw

·Ø§ „ÄãFB : LIPS MAGAZINE ‚Ä¢ 26.09.22

ü™Ñ https://t.co/1U6r8EhIAb

üí¨ P‚Ä¶",FALSE,0,NA,2022-09-26 21:55:34,FALSE,NA,"1574518064577912832",NA,"<a href=""http://twitter.com/download/android"" rel=""nofollow"">Twitter for Android</a>","1nXab8lRsx99UMm",158,TRUE,FALSE,NA,NA
"36","@HuaweiZA FACEBOOK 
TIKTOK 
INSTAGRAM 
TWITTER 
WHATSAPP 
#HUAWEI #HUAWEIAppGallery 
My 5 favourites on my HUAWEI A‚Ä¶ https://t.co/xuSzkDkEu2",FALSE,0,"HuaweiZA",2022-09-26 21:55:34,TRUE,"1574338686166130688","1574518063587856384","392783094","<a href=""http://twitter.com/download/android"" rel=""nofollow"">Twitter for Android</a>","Rekha30462613",0,FALSE,FALSE,NA,NA
"37","RT @SkylieJ_: I posted my mom wearing my brand on tik tok and she went viral ü§© https://t.co/XiuiTtPWGV",FALSE,0,NA,2022-09-26 21:55:25,FALSE,NA,"1574518027407745040",NA,"<a href=""http://twitter.com/download/iphone"" rel=""nofollow"">Twitter for iPhone</a>","PropertyOfHobi_",915,TRUE,FALSE,NA,NA
"38","RT @SkylieJ_: I posted my mom wearing my brand on tik tok and she went viral ü§© https://t.co/XiuiTtPWGV",FALSE,0,NA,2022-09-26 21:55:24,FALSE,NA,"1574518021049425920",NA,"<a href=""http://twitter.com/download/iphone"" rel=""nofollow"">Twitter for iPhone</a>","Onyinyechi1520",915,TRUE,FALSE,NA,NA
"39","RT @SkylieJ_: I posted my mom wearing my brand on tik tok and she went viral ü§© https://t.co/XiuiTtPWGV",FALSE,0,NA,2022-09-26 21:55:21,FALSE,NA,"1574518012123701259",NA,"<a href=""http://twitter.com/download/android"" rel=""nofollow"">Twitter for Android</a>","The_essy",915,TRUE,FALSE,NA,NA
"40","RT @LilMoGh: My phone reach Facebook and instagram all
Everybro dey claim ownership üòÇüòÇüòÇüòÇüòÇ",FALSE,0,NA,2022-09-26 21:55:21,FALSE,NA,"1574518008508469248",NA,"<a href=""http://twitter.com/download/android"" rel=""nofollow"">Twitter for Android</a>","Walkerage1",146,TRUE,FALSE,NA,NA
"41","RT @SkylieJ_: I posted my mom wearing my brand on tik tok and she went viral ü§© https://t.co/XiuiTtPWGV",FALSE,0,NA,2022-09-26 21:55:19,FALSE,NA,"1574518002887843856",NA,"<a href=""http://twitter.com/download/iphone"" rel=""nofollow"">Twitter for iPhone</a>","___deztinnyy",915,TRUE,FALSE,NA,NA
"42","RT @tvasquezz: Saw a tik tok that said if you‚Äôre not being treated the way you would want your bestfriend to be treated, then leave. SOOOO‚Ä¶",FALSE,0,NA,2022-09-26 21:55:19,FALSE,NA,"1574518001486815234",NA,"<a href=""http://twitter.com/download/iphone"" rel=""nofollow"">Twitter for iPhone</a>","melissa_diaaz",4,TRUE,FALSE,NA,NA
"43","RT @SkylieJ_: I posted my mom wearing my brand on tik tok and she went viral ü§© https://t.co/XiuiTtPWGV",FALSE,0,NA,2022-09-26 21:55:18,FALSE,NA,"1574517997364195329",NA,"<a href=""http://twitter.com/download/android"" rel=""nofollow"">Twitter for Android</a>","soaressoles",915,TRUE,FALSE,NA,NA
"44","RT @SkylieJ_: I posted my mom wearing my brand on tik tok and she went viral ü§© https://t.co/XiuiTtPWGV",FALSE,0,NA,2022-09-26 21:55:18,FALSE,NA,"1574517996667691048",NA,"<a href=""http://twitter.com/download/iphone"" rel=""nofollow"">Twitter for iPhone</a>","LaurenKey_",915,TRUE,FALSE,NA,NA
"45","RT @KaiS2com: WATERBOMB 2022 AFTER MOVIE

KAI cut ver.

Timetable youtube channel 
üîó https://t.co/BDkJiTuXSG

waterbomb_official instagram‚Ä¶",FALSE,0,NA,2022-09-26 21:55:17,FALSE,NA,"1574517995581636608",NA,"<a href=""http://twitter.com/download/android"" rel=""nofollow"">Twitter for Android</a>","xkxux3",273,TRUE,FALSE,NA,NA
"46","RT @SkylieJ_: I posted my mom wearing my brand on tik tok and she went viral ü§© https://t.co/XiuiTtPWGV",FALSE,0,NA,2022-09-26 21:55:16,FALSE,NA,"1574517989541486592",NA,"<a href=""http://twitter.com/download/android"" rel=""nofollow"">Twitter for Android</a>","africantgyal",915,TRUE,FALSE,NA,NA
"47","That tik tok sound ‚Äúmm mmm mm today DRAINED me‚Äù has been playing on repeat in my head.",FALSE,1,NA,2022-09-26 21:55:11,FALSE,NA,"1574517967815073821",NA,"<a href=""http://twitter.com/download/iphone"" rel=""nofollow"">Twitter for iPhone</a>","fairchildthings",0,FALSE,FALSE,NA,NA
"48","i pray i end up with someone that likes making tik tok videos with meü•∫
i‚Äôll just be like ‚Äúbabeeeee, let‚Äôs make a ti‚Ä¶ https://t.co/MF4xqjDnHI",FALSE,0,NA,2022-09-26 21:55:07,TRUE,NA,"1574517949867646984",NA,"<a href=""http://twitter.com/download/iphone"" rel=""nofollow"">Twitter for iPhone</a>","_bolajiadesina",0,FALSE,FALSE,NA,NA
"49","RT @SkylieJ_: I posted my mom wearing my brand on tik tok and she went viral ü§© https://t.co/XiuiTtPWGV",FALSE,0,NA,2022-09-26 21:55:06,FALSE,NA,"1574517947338481678",NA,"<a href=""http://twitter.com/download/iphone"" rel=""nofollow"">Twitter for iPhone</a>","FlipppityFLIP",915,TRUE,FALSE,NA,NA
"50","RT @SkylieJ_: I posted my mom wearing my brand on tik tok and she went viral ü§© https://t.co/XiuiTtPWGV",FALSE,0,NA,2022-09-26 21:54:58,FALSE,NA,"1574517915931799553",NA,"<a href=""http://twitter.com/download/iphone"" rel=""nofollow"">Twitter for iPhone</a>","AmbitiousDork",915,TRUE,FALSE,NA,NA
"51","RT @SkylieJ_: I posted my mom wearing my brand on tik tok and she went viral ü§© https://t.co/XiuiTtPWGV",FALSE,0,NA,2022-09-26 21:54:57,FALSE,NA,"1574517911263199232",NA,"<a href=""http://twitter.com/download/iphone"" rel=""nofollow"">Twitter for iPhone</a>","Ritawhoras",915,TRUE,FALSE,NA,NA
"52","RT @SkylieJ_: I posted my mom wearing my brand on tik tok and she went viral ü§© https://t.co/XiuiTtPWGV",FALSE,0,NA,2022-09-26 21:54:55,FALSE,NA,"1574517901150789633",NA,"<a href=""http://twitter.com/download/iphone"" rel=""nofollow"">Twitter for iPhone</a>","CornOnThe_Kobi",915,TRUE,FALSE,NA,NA
"53","RT @SkylieJ_: I posted my mom wearing my brand on tik tok and she went viral ü§© https://t.co/XiuiTtPWGV",FALSE,0,NA,2022-09-26 21:54:54,FALSE,NA,"1574517896533127168",NA,"<a href=""http://twitter.com/download/iphone"" rel=""nofollow"">Twitter for iPhone</a>","HoesAintCold",915,TRUE,FALSE,NA,NA
"54","RT @SkylieJ_: I posted my mom wearing my brand on tik tok and she went viral ü§© https://t.co/XiuiTtPWGV",FALSE,0,NA,2022-09-26 21:54:51,FALSE,NA,"1574517885887815680",NA,"<a href=""http://twitter.com/download/iphone"" rel=""nofollow"">Twitter for iPhone</a>","FieYella_Rage",915,TRUE,FALSE,NA,NA
"55","RT @LilMoGh: My phone reach Facebook and instagram all
Everybro dey claim ownership üòÇüòÇüòÇüòÇüòÇ",FALSE,0,NA,2022-09-26 21:54:50,FALSE,NA,"1574517880443518976",NA,"<a href=""http://twitter.com/download/iphone"" rel=""nofollow"">Twitter for iPhone</a>","Maccony_gh",146,TRUE,FALSE,NA,NA
"56","I wish i could make a tik tok of how many times snk frk has fixed my car üíÄ",FALSE,0,NA,2022-09-26 21:54:48,FALSE,NA,"1574517872574857217",NA,"<a href=""http://twitter.com/download/iphone"" rel=""nofollow"">Twitter for iPhone</a>","lorenaarea",0,FALSE,FALSE,NA,NA
"57","Instagram,TikTok,YouTube. Everywhere is popping üëåüëåüëåüî•",FALSE,0,"milay_di",2022-09-26 21:54:47,FALSE,"1574516481097752576","1574517868657532932","156944988","<a href=""http://twitter.com/download/iphone"" rel=""nofollow"">Twitter for iPhone</a>","milay_di",0,FALSE,FALSE,NA,NA
"58","RT @HughesDirect: Enter our latest prize draw to #WIN a @BekoUK AeroPerfect Oven!
This is a multi-platform prize draw and can be entered on‚Ä¶",FALSE,0,NA,2022-09-26 21:54:45,FALSE,NA,"1574517857962139649",NA,"<a href=""https://mobile.twitter.com"" rel=""nofollow"">Twitter Web App</a>","JenJones219",1348,TRUE,FALSE,NA,NA
"59","Official account
Instagram @orihfir
https://t.co/0s6dM68vNj

Facebook 
https://t.co/IkqspyWXSB‚Ä¶ https://t.co/MktexvTlGN",FALSE,0,"OLIHFIR",2022-09-26 21:54:44,TRUE,"1574517155458326528","1574517854690766848","1437992830450896897","<a href=""http://twitter.com/download/android"" rel=""nofollow"">Twitter for Android</a>","OLIHFIR",0,FALSE,FALSE,NA,NA
"60","#DHHSC #ValleyDeafFestival #VDF2022 #PaymentPlan #VDFTickets 

*STILL ACCEPTING MONTHLY PAYMENTS FOR VDF TICKET(S)*‚Ä¶ https://t.co/IQM5vnUv8t",FALSE,0,NA,2022-09-26 21:54:43,TRUE,NA,"1574517850932318208",NA,"<a href=""https://mobile.twitter.com"" rel=""nofollow"">Twitter Web App</a>","DHHSCtweets",0,FALSE,FALSE,NA,NA
"61","RT @10KDunkin: The period uhhh girl from tik tok jus got signed , dat jus stamped music isn‚Äôt bout talent no more its bout tik tok views",FALSE,0,NA,2022-09-26 21:54:43,FALSE,NA,"1574517850618101760",NA,"<a href=""http://twitter.com/download/iphone"" rel=""nofollow"">Twitter for iPhone</a>","GonzoHype",67,TRUE,FALSE,NA,NA
"62","RT @SkylieJ_: I posted my mom wearing my brand on tik tok and she went viral ü§© https://t.co/XiuiTtPWGV",FALSE,0,NA,2022-09-26 21:54:42,FALSE,NA,"1574517847811772417",NA,"<a href=""http://twitter.com/download/iphone"" rel=""nofollow"">Twitter for iPhone</a>","J4XXXZ",915,TRUE,FALSE,NA,NA
"63","RT @SkylieJ_: I posted my mom wearing my brand on tik tok and she went viral ü§© https://t.co/XiuiTtPWGV",FALSE,0,NA,2022-09-26 21:54:41,FALSE,NA,"1574517844569628672",NA,"<a href=""http://twitter.com/download/iphone"" rel=""nofollow"">Twitter for iPhone</a>","yadi_xoxox",915,TRUE,FALSE,NA,NA
"64","Just listened to phone music for the first time not through a tik tok vid and it was a whole mood booster üëÅüëÑüëÅüëåüèΩ",FALSE,0,NA,2022-09-26 21:54:40,FALSE,NA,"1574517839377096708",NA,"<a href=""https://mobile.twitter.com"" rel=""nofollow"">Twitter Web App</a>","Boba_demon",0,FALSE,FALSE,NA,NA
"65","Just saw someone on tik tok say that they have a book club with their friends and now I‚Äôm crying cause my friends don‚Äôt read",FALSE,0,NA,2022-09-26 21:54:35,FALSE,NA,"1574517815775825920",NA,"<a href=""http://twitter.com/download/iphone"" rel=""nofollow"">Twitter for iPhone</a>","dariac0balt",0,FALSE,FALSE,NA,NA
"66","RT @SkylieJ_: I posted my mom wearing my brand on tik tok and she went viral ü§© https://t.co/XiuiTtPWGV",FALSE,0,NA,2022-09-26 21:54:34,FALSE,NA,"1574517812135067649",NA,"<a href=""http://twitter.com/download/iphone"" rel=""nofollow"">Twitter for iPhone</a>","reinadayna",915,TRUE,FALSE,NA,NA
"67","RT @SkylieJ_: I posted my mom wearing my brand on tik tok and she went viral ü§© https://t.co/XiuiTtPWGV",FALSE,0,NA,2022-09-26 21:54:33,FALSE,NA,"1574517807185813510",NA,"<a href=""http://twitter.com/download/iphone"" rel=""nofollow"">Twitter for iPhone</a>","1ovechiId",915,TRUE,FALSE,NA,NA
"68","RT @SkylieJ_: I posted my mom wearing my brand on tik tok and she went viral ü§© https://t.co/XiuiTtPWGV",FALSE,0,NA,2022-09-26 21:54:31,FALSE,NA,"1574517800705613885",NA,"<a href=""http://twitter.com/download/iphone"" rel=""nofollow"">Twitter for iPhone</a>","MazokuMarcus",915,TRUE,FALSE,NA,NA
"69","RT @SkylieJ_: I posted my mom wearing my brand on tik tok and she went viral ü§© https://t.co/XiuiTtPWGV",FALSE,0,NA,2022-09-26 21:54:23,FALSE,NA,"1574517769311342593",NA,"<a href=""http://twitter.com/download/iphone"" rel=""nofollow"">Twitter for iPhone</a>","killua13A",915,TRUE,FALSE,NA,NA
"70","RT @SeanBurkeShow: I am begging BEGGING the people of Tik Tok to learn what POV means.",FALSE,0,NA,2022-09-26 21:54:23,FALSE,NA,"1574517769252483072",NA,"<a href=""http://twitter.com/download/iphone"" rel=""nofollow"">Twitter for iPhone</a>","threepinneddick",129,TRUE,FALSE,NA,NA
"71","RT @SkylieJ_: I posted my mom wearing my brand on tik tok and she went viral ü§© https://t.co/XiuiTtPWGV",FALSE,0,NA,2022-09-26 21:54:20,FALSE,NA,"1574517755168301056",NA,"<a href=""http://twitter.com/download/iphone"" rel=""nofollow"">Twitter for iPhone</a>","TDLateNight",915,TRUE,FALSE,NA,NA
"72","RT @SkylieJ_: I posted my mom wearing my brand on tik tok and she went viral ü§© https://t.co/XiuiTtPWGV",FALSE,0,NA,2022-09-26 21:54:14,FALSE,NA,"1574517730710933504",NA,"<a href=""http://twitter.com/download/iphone"" rel=""nofollow"">Twitter for iPhone</a>","darlingnicki98",915,TRUE,FALSE,NA,NA
"73","RT @SkylieJ_: I posted my mom wearing my brand on tik tok and she went viral ü§© https://t.co/XiuiTtPWGV",FALSE,0,NA,2022-09-26 21:54:13,FALSE,NA,"1574517724931317766",NA,"<a href=""http://twitter.com/download/iphone"" rel=""nofollow"">Twitter for iPhone</a>","janay130",915,TRUE,FALSE,NA,NA
"74","RT @CascadeIceWater: #GIVEAWAY ALERT! It‚Äôs officially fall, and we are feelin‚Äô it! To win free Cascade Ice, ‚Äúlike‚Äù this tweet + reply with‚Ä¶",FALSE,0,NA,2022-09-26 21:54:12,FALSE,NA,"1574517721030479872",NA,"<a href=""http://twitter.com/download/android"" rel=""nofollow"">Twitter for Android</a>","KILLER1301",101,TRUE,FALSE,NA,NA
"75","RT @SkylieJ_: I posted my mom wearing my brand on tik tok and she went viral ü§© https://t.co/XiuiTtPWGV",FALSE,0,NA,2022-09-26 21:54:11,FALSE,NA,"1574517717738323969",NA,"<a href=""http://twitter.com/download/iphone"" rel=""nofollow"">Twitter for iPhone</a>","barbiethassasin",915,TRUE,FALSE,NA,NA
"76","RT @SkylieJ_: I posted my mom wearing my brand on tik tok and she went viral ü§© https://t.co/XiuiTtPWGV",FALSE,0,NA,2022-09-26 21:54:07,FALSE,NA,"1574517701057576960",NA,"<a href=""http://twitter.com/download/iphone"" rel=""nofollow"">Twitter for iPhone</a>","muvahael",915,TRUE,FALSE,NA,NA
"77","INSTAGRAM VS REALITY https://t.co/4CyJMHaMpV",FALSE,0,NA,2022-09-26 21:54:06,FALSE,NA,"1574517696817164288",NA,"<a href=""https://dlvrit.com/"" rel=""nofollow"">dlvr.it</a>","MemesDailyBaby",0,FALSE,FALSE,NA,NA
"78","RT @SkylieJ_: I posted my mom wearing my brand on tik tok and she went viral ü§© https://t.co/XiuiTtPWGV",FALSE,0,NA,2022-09-26 21:54:02,FALSE,NA,"1574517679704113153",NA,"<a href=""http://twitter.com/download/iphone"" rel=""nofollow"">Twitter for iPhone</a>","GGGAET20",915,TRUE,FALSE,NA,NA
"79","RT @SkylieJ_: I posted my mom wearing my brand on tik tok and she went viral ü§© https://t.co/XiuiTtPWGV",FALSE,0,NA,2022-09-26 21:54:02,FALSE,NA,"1574517678420680713",NA,"<a href=""http://twitter.com/download/iphone"" rel=""nofollow"">Twitter for iPhone</a>","_brazykk",915,TRUE,FALSE,NA,NA
"80","RT @SkylieJ_: I posted my mom wearing my brand on tik tok and she went viral ü§© https://t.co/XiuiTtPWGV",FALSE,0,NA,2022-09-26 21:53:56,FALSE,NA,"1574517652579504128",NA,"<a href=""http://twitter.com/download/iphone"" rel=""nofollow"">Twitter for iPhone</a>","miababyacid",915,TRUE,FALSE,NA,NA
"81","RT @JubilationsArt: @drunkenfix Custom World legit robbing artists and altering the art to remove signatures woww. they have a facebook and‚Ä¶",FALSE,0,NA,2022-09-26 21:53:54,FALSE,NA,"1574517644597813260",NA,"<a href=""http://twitter.com/download/android"" rel=""nofollow"">Twitter for Android</a>","h0rne3y",7,TRUE,FALSE,NA,NA
"82","RT @SkylieJ_: I posted my mom wearing my brand on tik tok and she went viral ü§© https://t.co/XiuiTtPWGV",FALSE,0,NA,2022-09-26 21:53:48,FALSE,NA,"1574517619700424717",NA,"<a href=""http://twitter.com/download/iphone"" rel=""nofollow"">Twitter for iPhone</a>","RnB_lover14",915,TRUE,FALSE,NA,NA
"83","RT @SkylieJ_: I posted my mom wearing my brand on tik tok and she went viral ü§© https://t.co/XiuiTtPWGV",FALSE,0,NA,2022-09-26 21:53:45,FALSE,NA,"1574517606408720384",NA,"<a href=""http://twitter.com/download/android"" rel=""nofollow"">Twitter for Android</a>","toon61993728",915,TRUE,FALSE,NA,NA
"84","https://t.co/QQsSqC14dN @ Suffolk County, New York https://t.co/35cF0wjH6k",FALSE,0,NA,2022-09-26 21:53:44,FALSE,NA,"1574517605603368978",NA,"<a href=""http://instagram.com"" rel=""nofollow"">Instagram</a>","Bones4life1990",0,FALSE,FALSE,NA,NA
"85","he got no instagram so he better post me on facebook idc",FALSE,0,NA,2022-09-26 21:53:43,FALSE,NA,"1574517598980837376",NA,"<a href=""http://twitter.com/download/iphone"" rel=""nofollow"">Twitter for iPhone</a>","womeiyoulamb",0,FALSE,FALSE,NA,NA
"86","RT @SkylieJ_: I posted my mom wearing my brand on tik tok and she went viral ü§© https://t.co/XiuiTtPWGV",FALSE,0,NA,2022-09-26 21:53:39,FALSE,NA,"1574517584719929362",NA,"<a href=""http://twitter.com/download/iphone"" rel=""nofollow"">Twitter for iPhone</a>","Jakazah_",915,TRUE,FALSE,NA,NA
"87","RT @SkylieJ_: I posted my mom wearing my brand on tik tok and she went viral ü§© https://t.co/XiuiTtPWGV",FALSE,0,NA,2022-09-26 21:53:39,FALSE,NA,"1574517583721685012",NA,"<a href=""http://twitter.com/download/android"" rel=""nofollow"">Twitter for Android</a>","Inspiration809",915,TRUE,FALSE,NA,NA
"88","RT @SkylieJ_: I posted my mom wearing my brand on tik tok and she went viral ü§© https://t.co/XiuiTtPWGV",FALSE,0,NA,2022-09-26 21:53:38,FALSE,NA,"1574517579460272129",NA,"<a href=""http://twitter.com/download/iphone"" rel=""nofollow"">Twitter for iPhone</a>","Sailor_Star_",915,TRUE,FALSE,NA,NA
"89","RT @SkylieJ_: I posted my mom wearing my brand on tik tok and she went viral ü§© https://t.co/XiuiTtPWGV",FALSE,0,NA,2022-09-26 21:53:37,FALSE,NA,"1574517575685476353",NA,"<a href=""http://twitter.com/download/iphone"" rel=""nofollow"">Twitter for iPhone</a>","iShineBrightt",915,TRUE,FALSE,NA,NA
"90","Photo by my friend: @ZaiNeganCaryl for @wwwbigbaldhead #DarylDixon's new #TheWalkingDead @WalkingDead_AMC spin off‚Ä¶ https://t.co/SeFec0k13M",FALSE,1,NA,2022-09-26 21:53:35,TRUE,NA,"1574517567590264833",NA,"<a href=""https://mobile.twitter.com"" rel=""nofollow"">Twitter Web App</a>","ElliotVanOrman",0,FALSE,FALSE,NA,NA
"91","guys‚Ä¶ That tik tok trend is coming back‚Ä¶",FALSE,0,NA,2022-09-26 21:53:32,FALSE,NA,"1574517552604012544",NA,"<a href=""http://twitter.com/download/iphone"" rel=""nofollow"">Twitter for iPhone</a>","SURFNSAFARI",0,FALSE,FALSE,NA,NA
"92","RT @ZssBecker: Its Monday. It's 4am.

Get shit done. Get in the gym. Don't do dumb shit.

There's absolutely no one stopping you from getti‚Ä¶",FALSE,0,NA,2022-09-26 21:53:29,FALSE,NA,"1574517539324841985",NA,"<a href=""https://mobile.twitter.com"" rel=""nofollow"">Twitter Web App</a>","Trunkboy",388,TRUE,FALSE,NA,NA
"93","RT @SteveBrodt: üö®EPISODE 4 TONIGHTüö®

Don‚Äôt forget to share this link with #Alone üëáüèªüëáüèª
https://t.co/uPtcOhIjL9

And comment this weeks phras‚Ä¶",FALSE,0,NA,2022-09-26 21:53:22,FALSE,NA,"1574517510048825345",NA,"<a href=""http://twitter.com/download/iphone"" rel=""nofollow"">Twitter for iPhone</a>","snevets_nalyd",8,TRUE,FALSE,NA,NA
"94","They really trying to clown Angela Simmons little Tik Tok like some of us don‚Äôt find that pretty goofiness sexyüòÇ",FALSE,0,NA,2022-09-26 21:53:20,FALSE,NA,"1574517501681098752",NA,"<a href=""http://twitter.com/download/iphone"" rel=""nofollow"">Twitter for iPhone</a>","Justice_Born",0,FALSE,FALSE,NA,NA
"95","RT @SkylieJ_: I posted my mom wearing my brand on tik tok and she went viral ü§© https://t.co/XiuiTtPWGV",FALSE,0,NA,2022-09-26 21:53:19,FALSE,NA,"1574517498749358080",NA,"<a href=""http://twitter.com/download/iphone"" rel=""nofollow"">Twitter for iPhone</a>","CreateURDestini",915,TRUE,FALSE,NA,NA
"96","if you're consuming content from money twitter instead of scrolling on tik tok you're already in the 1%",FALSE,0,NA,2022-09-26 21:53:17,FALSE,NA,"1574517491484631041",NA,"<a href=""https://mobile.twitter.com"" rel=""nofollow"">Twitter Web App</a>","mgbalexx",0,FALSE,FALSE,NA,NA
"97","Should I finally give into China backed Tik Tok? https://t.co/fOxfx7AMRY",FALSE,0,NA,2022-09-26 21:53:16,FALSE,NA,"1574517485419700224",NA,"<a href=""http://twitter.com/download/iphone"" rel=""nofollow"">Twitter for iPhone</a>","sulkform",0,FALSE,FALSE,NA,NA
"98","I posted a tik tok of my cat and within 5mins it‚Äôs been viewed 577 times üòí",FALSE,0,NA,2022-09-26 21:53:14,FALSE,NA,"1574517477115326464",NA,"<a href=""http://twitter.com/download/iphone"" rel=""nofollow"">Twitter for iPhone</a>","TheRealSammieJ_",0,FALSE,FALSE,NA,NA
"99","Follow me on tiktok and Instagram@hey_i_am_2kay28 for more videos ‚ôä#2kay28 #viral #viral #like #memes #follow‚Ä¶ https://t.co/BVZx51zja9",FALSE,0,NA,2022-09-26 21:53:11,TRUE,NA,"1574517466331422721",NA,"<a href=""http://twitter.com/download/android"" rel=""nofollow"">Twitter for Android</a>","2kay281",0,FALSE,FALSE,NA,NA
"100","RT @marcylaycelle: Hello Friends - Two Winners will be selected for a giveaway of a red tulip wreath.

Multiple Entries BY:
üíúFollow Me on T‚Ä¶",FALSE,0,NA,2022-09-26 21:53:07,FALSE,NA,"1574517450351251456",NA,"<a href=""https://mobile.twitter.com"" rel=""nofollow"">Twitter Web App</a>","LacedIvory",9,TRUE,FALSE,NA,NA
"101","I‚Äôm fascinated by the fact tik tok has allowed us all to be taken away from reality and everything is off limits. J‚Ä¶ https://t.co/Uxa2Vy0fDV",FALSE,0,NA,2022-09-26 21:53:01,TRUE,NA,"1574517421519634433",NA,"<a href=""http://twitter.com/download/iphone"" rel=""nofollow"">Twitter for iPhone</a>","CRUNKWBRlTNEY",0,FALSE,FALSE,NA,NA
"102","One of 25 winners for using twitter, Facebook and Instagram? Can't believe my luck! https://t.co/JaR3Of2ddP",FALSE,0,"AarakocraA",2022-09-26 21:53:00,FALSE,"1574517412648452096","1574517418654851081","1488802429277773825","<a href=""https://mobile.twitter.com"" rel=""nofollow"">Twitter Web App</a>","AarakocraA",0,FALSE,FALSE,NA,NA
"103","RT @SkylieJ_: I posted my mom wearing my brand on tik tok and she went viral ü§© https://t.co/XiuiTtPWGV",FALSE,0,NA,2022-09-26 21:53:00,FALSE,NA,"1574517418449330199",NA,"<a href=""http://twitter.com/download/iphone"" rel=""nofollow"">Twitter for iPhone</a>","VINNYJCOLDASICE",915,TRUE,FALSE,NA,NA
"104","RT @Syned_Gaming: SWS-10 Headshot farming Part 2

#twitch #youtube #video #supportsmallstreamers #twitter #gaming #twitchstreamer #twitchtv‚Ä¶",FALSE,0,NA,2022-09-26 21:52:58,FALSE,NA,"1574517409238884352",NA,"<a href=""http://twitter.com/download/android"" rel=""nofollow"">Twitter for Android</a>","Syned_Gaming",5,TRUE,FALSE,NA,NA
"105","New tik tok for other non-apex content üòå drop a follow üíã https://t.co/Fp1Sx7v7xq",FALSE,0,NA,2022-09-26 21:52:57,FALSE,NA,"1574517408303575040",NA,"<a href=""http://twitter.com/download/iphone"" rel=""nofollow"">Twitter for iPhone</a>","xSandyCheeks10x",0,FALSE,FALSE,NA,NA
"106","RT @HughesDirect: Don't forget to enter our prize draw to #WIN a @BekoUK Oven!
This is a multi-platform prize draw and can be entered on Fa‚Ä¶",FALSE,0,NA,2022-09-26 21:52:57,FALSE,NA,"1574517404666847233",NA,"<a href=""http://twitter.com/download/iphone"" rel=""nofollow"">Twitter for iPhone</a>","daiswatkins",364,TRUE,FALSE,NA,NA
"107","RT @SkylieJ_: I posted my mom wearing my brand on tik tok and she went viral ü§© https://t.co/XiuiTtPWGV",FALSE,0,NA,2022-09-26 21:52:53,FALSE,NA,"1574517388820848640",NA,"<a href=""http://twitter.com/download/iphone"" rel=""nofollow"">Twitter for iPhone</a>","bonobo____",915,TRUE,FALSE,NA,NA
"108","RT @HughesDirect: Enter our prize draw to #WIN a @BekoUK AeroPerfect Oven! 
This is a multi-platform prize draw and can be entered on Faceb‚Ä¶",FALSE,0,NA,2022-09-26 21:52:47,FALSE,NA,"1574517363919458309",NA,"<a href=""http://twitter.com/download/android"" rel=""nofollow"">Twitter for Android</a>","SJE1981",767,TRUE,FALSE,NA,NA
"109","the tik tok girlies be putting me onto all the good amazon finds. these cargo pants I got are saur cute",FALSE,0,NA,2022-09-26 21:52:46,FALSE,NA,"1574517360001978368",NA,"<a href=""http://twitter.com/download/iphone"" rel=""nofollow"">Twitter for iPhone</a>","bIackcindy",0,FALSE,FALSE,NA,NA
"110","RT @SkylieJ_: I posted my mom wearing my brand on tik tok and she went viral ü§© https://t.co/XiuiTtPWGV",FALSE,0,NA,2022-09-26 21:52:43,FALSE,NA,"1574517347536470016",NA,"<a href=""http://twitter.com/download/iphone"" rel=""nofollow"">Twitter for iPhone</a>","yacinegng",915,TRUE,FALSE,NA,NA
"111","RT @zxpriel: i‚Äôm catching on to these ‚Äúbrands‚Äù on tik tok im starting to think majority of them niggas scammers on the side or sum",FALSE,0,NA,2022-09-26 21:52:39,FALSE,NA,"1574517329978806272",NA,"<a href=""http://twitter.com/download/iphone"" rel=""nofollow"">Twitter for iPhone</a>","kay_dusse",1,TRUE,FALSE,NA,NA
"112","They have Tiktok, Twitter, YouTube and Instagram. They also have a fan community that you can join on an app name F‚Ä¶ https://t.co/dlM1Rd68Bl",FALSE,0,"MilkyBobaTee",2022-09-26 21:52:37,TRUE,"1574517317454778368","1574517320948629506","1407916005029027840","<a href=""http://twitter.com/download/iphone"" rel=""nofollow"">Twitter for iPhone</a>","MilkyBobaTee",0,FALSE,FALSE,NA,NA
"113","tired of seeing those people on tik tok unbox a txt album and are dissapointed in who they pull like",FALSE,3,NA,2022-09-26 21:52:34,FALSE,NA,"1574517311650025473",NA,"<a href=""http://twitter.com/download/iphone"" rel=""nofollow"">Twitter for iPhone</a>","beomtori",0,FALSE,FALSE,NA,NA
"114","Nothing I just printed out five articles to start annotating and been on tik tok scrolling",FALSE,0,NA,2022-09-26 21:52:34,FALSE,NA,"1574517309426868232",NA,"<a href=""http://twitter.com/download/iphone"" rel=""nofollow"">Twitter for iPhone</a>","neverbeenshy",0,FALSE,FALSE,NA,NA
"115","RT @WineBeyond: üì£ ü•É ENTER TO WIN two tickets to an exclusive Forty Creek Whisky tasting led by Master Blender, Bill Ashburn!

Calgary follo‚Ä¶",FALSE,0,NA,2022-09-26 21:52:30,FALSE,NA,"1574517292787896320",NA,"<a href=""http://twitter.com/download/iphone"" rel=""nofollow"">Twitter for iPhone</a>","G2Whisky",1,TRUE,FALSE,NA,NA
"116","RT @basim_basim_bas: If you feel the need to, please feel free to leave the ST fandom! Dangerous shit is happening. Moving over to ST Tumbl‚Ä¶",FALSE,0,NA,2022-09-26 21:52:28,FALSE,NA,"1574517285745737728",NA,"<a href=""http://twitter.com/download/android"" rel=""nofollow"">Twitter for Android</a>","komahachiaki",32,TRUE,FALSE,NA,NA
"117","Someone on Tik Tok said AKA made Burna Boy ü§£ü§£ bruh that stint he had making music with them almost killed his caree‚Ä¶ https://t.co/U1q9oBTbiL",FALSE,0,NA,2022-09-26 21:52:25,TRUE,NA,"1574517271938334720",NA,"<a href=""http://twitter.com/download/android"" rel=""nofollow"">Twitter for Android</a>","Sean_Luey",0,FALSE,FALSE,NA,NA
"118","RT @Marketineando: News: @Cre8tiveMarComs: 'Meta rolls out FB Reels to over 150 countries.
https://t.co/ONyEm3Hpmi 

#socialmedia #marketin‚Ä¶",FALSE,0,NA,2022-09-26 21:52:14,FALSE,NA,"1574517227352629249",NA,"<a href=""https://www.askvikram.com"" rel=""nofollow"">VikramBot</a>","vikram_bot",2,TRUE,FALSE,NA,NA
"119","RT @Ashh_K21: Small Accounts Matter ‚ùïRT ‚Ä¢ GAIN FAST wirh us #BBN ‚úîÔ∏èü•¶,%üçù‚Äù%
Let's start then tik tok tik tok

@Ashh_K21 
@ap92X 
@Azix103 
@S‚Ä¶",FALSE,0,NA,2022-09-26 21:52:13,FALSE,NA,"1574517221501673472",NA,"<a href=""http://twitter.com/download/iphone"" rel=""nofollow"">Twitter for iPhone</a>","S_Y016",10,TRUE,FALSE,NA,NA
"120","RT @ap92X: Small Accounts Matter ‚ùïRT ‚Ä¢ GAIN FAST wirh us #BBN ‚úîÔ∏èü•¶,
Let's start then tik tok tik tok
@Aln_m6 @NZPTI_
@_jan00 @khg_82
@BAA_WA‚Ä¶",FALSE,0,NA,2022-09-26 21:52:11,FALSE,NA,"1574517212073046017",NA,"<a href=""http://twitter.com/download/iphone"" rel=""nofollow"">Twitter for iPhone</a>","S_Y016",19,TRUE,FALSE,NA,NA
"121","how tf do you make a tik tok with an audio but then use your own videos audio after like 2 seconds",FALSE,0,NA,2022-09-26 21:52:10,FALSE,NA,"1574517209766166528",NA,"<a href=""https://mobile.twitter.com"" rel=""nofollow"">Twitter Web App</a>","harryfeatgaga",0,FALSE,FALSE,NA,NA
"122","Brands need to stop thinking they have to do comedy/meme trends on Tik Tok, it‚Äôs not working üò¨",FALSE,0,NA,2022-09-26 21:52:10,FALSE,NA,"1574517209405493248",NA,"<a href=""http://twitter.com/download/iphone"" rel=""nofollow"">Twitter for iPhone</a>","JosiahEats",0,FALSE,FALSE,NA,NA
"123","RT @LisaJemide: I need tik tok to be funny again pls not everyday how to deal with a break up/ how to tap into your feminine energy tik tok‚Ä¶",FALSE,0,NA,2022-09-26 21:52:09,FALSE,NA,"1574517207316721664",NA,"<a href=""http://twitter.com/download/iphone"" rel=""nofollow"">Twitter for iPhone</a>","gloriaaxi",5496,TRUE,FALSE,NA,NA
"124","@AZmilitary1 hei AZ, thanks for helping people understand that RU is the controlled opposition of the ""US"" Empire. üòÇ tik tok",FALSE,0,"AZmilitary1",2022-09-26 21:52:09,FALSE,"1574515730363605001","1574517207190626308","1312058894416515074","<a href=""https://mobile.twitter.com"" rel=""nofollow"">Twitter Web App</a>","argh0",0,FALSE,FALSE,NA,NA
"125","Like Us on #Instagram: https://t.co/xYIocjIHp0

Like Us on #Facebook: https://t.co/a3SeUu3FoC 

Our #YouTube channe‚Ä¶ https://t.co/qXmonjXDep",FALSE,0,"FinNewsNow",2022-09-26 21:52:05,TRUE,"1574517184100827136","1574517189993848832","978421741440573440","<a href=""https://mobile.twitter.com"" rel=""nofollow"">Twitter Web App</a>","FinNewsNow",0,FALSE,FALSE,NA,NA
"126","RT @SkylieJ_: I posted my mom wearing my brand on tik tok and she went viral ü§© https://t.co/XiuiTtPWGV",FALSE,0,NA,2022-09-26 21:52:02,FALSE,NA,"1574517175813038088",NA,"<a href=""http://twitter.com/download/iphone"" rel=""nofollow"">Twitter for iPhone</a>","liziebett",915,TRUE,FALSE,NA,NA
"127","26 September 2022 - @joejonas via TikTok, Instagram Reels, Twitter and Facebook 
‚ÄúThe future of vision correction i‚Ä¶ https://t.co/BuLN9P3xwA",FALSE,0,NA,2022-09-26 21:52:01,TRUE,NA,"1574517171891355650",NA,"<a href=""http://twitter.com/download/iphone"" rel=""nofollow"">Twitter for iPhone</a>","JonasScanUpdate",0,FALSE,FALSE,NA,NA
"128","RT @experienceennis: Last Friday, @CECultureNight was a true gem! Thanks to everyone that made it happen &amp; to everyone that came to enjoy a‚Ä¶",FALSE,0,NA,2022-09-26 21:51:59,FALSE,NA,"1574517164538732546",NA,"<a href=""http://twitter.com/download/android"" rel=""nofollow"">Twitter for Android</a>","ClareArtsOffice",4,TRUE,FALSE,NA,NA
"129","@JeannetheQueen1 @kissingtheroach @ThirdCultureMum @Longjacket2 @WillMeyerPA @AZ_Brittney @_NicoleNonya She‚Äôs a rea‚Ä¶ https://t.co/wDbF8NORJz",FALSE,0,"JeannetheQueen1",2022-09-26 21:51:54,TRUE,"1574508001289027584","1574517142480822272","1427300926637940740","<a href=""https://mobile.twitter.com"" rel=""nofollow"">Twitter Web App</a>","SSgirlJ9",0,FALSE,FALSE,NA,NA
"130","RT @ap92X: Small Accounts Matter ‚ùïRT ‚Ä¢ GAIN FAST wirh us #BBN ‚úîÔ∏èü•¶,
Let's start then tik tok tik tok
@S_BJ512üíØ
@Aln_m6 @Q_261
@_jan00 @mapj2‚Ä¶",FALSE,0,NA,2022-09-26 21:51:53,FALSE,NA,"1574517139930767362",NA,"<a href=""http://twitter.com/download/iphone"" rel=""nofollow"">Twitter for iPhone</a>","S_Y016",12,TRUE,FALSE,NA,NA
"131","RT @umuchiukwu: ESN have no WhatsApp group, no signal group, no Instagram group, have no Facebook group

Mazi @ChinasaNworu on Radio Biafra‚Ä¶",FALSE,0,NA,2022-09-26 21:51:53,FALSE,NA,"1574517137343131648",NA,"<a href=""http://twitter.com/download/android"" rel=""nofollow"">Twitter for Android</a>","AdaikennaC",189,TRUE,FALSE,NA,NA
"132","RT @progresswiszy: ESN have no WhatsApp group, no signal group, no Instagram group, have no Facebook group

Mazi @ChinasaNworu on Radio Bia‚Ä¶",FALSE,0,NA,2022-09-26 21:51:50,FALSE,NA,"1574517123833028630",NA,"<a href=""http://twitter.com/download/iphone"" rel=""nofollow"">Twitter for iPhone</a>","AfterArtofwar",35,TRUE,FALSE,NA,NA
"133","RT @ap92X: Small Accounts Matter ‚ùïRT ‚Ä¢ GAIN FAST wirh us #BBN ‚úîÔ∏èü•¶,
Let's start then tik tok tik tok
@Aln_m6 @NZPTI_
@_jan00 @mapj21
@BAA_WA‚Ä¶",FALSE,0,NA,2022-09-26 21:51:49,FALSE,NA,"1574517120242778112",NA,"<a href=""http://twitter.com/download/iphone"" rel=""nofollow"">Twitter for iPhone</a>","S_Y016",14,TRUE,FALSE,NA,NA
"134","RT @Cau7ioN: idk who needs to hear this but ‚Äúgrinding‚Äù 10 hour streams without making content on tik tok and YouTube is the reason you‚Äôre n‚Ä¶",FALSE,0,NA,2022-09-26 21:51:45,FALSE,NA,"1574517102563962880",NA,"<a href=""http://twitter.com/download/iphone"" rel=""nofollow"">Twitter for iPhone</a>","GalaxiGroot",27,TRUE,FALSE,NA,NA
"135","RT @ShelleyACook: Super cool, @AMCMBChiefs shared my @WinnipegNews column on Facebook and Instagram today‚Äî they included the pic with @cee_‚Ä¶",FALSE,0,NA,2022-09-26 21:51:44,FALSE,NA,"1574517099019776001",NA,"<a href=""http://twitter.com/download/iphone"" rel=""nofollow"">Twitter for iPhone</a>","loewenchris",3,TRUE,FALSE,NA,NA
"136","What is wrong with this rollout? It‚Äôs so fun!! We got the cool collectible cd/vinyl clock, she‚Äôs got a fun little t‚Ä¶ https://t.co/qEWlmI9593",FALSE,0,NA,2022-09-26 21:51:40,TRUE,NA,"1574517082095493121",NA,"<a href=""http://twitter.com/download/iphone"" rel=""nofollow"">Twitter for iPhone</a>","ShookBySwift13",0,FALSE,FALSE,NA,NA
"137","@xomilaharper Seeing you on tik tok and coming to your Twitter, the tone is completely different",FALSE,0,"xomilaharper",2022-09-26 21:51:35,FALSE,"1574242637808377858","1574517064001531904","1430190517996769281","<a href=""http://twitter.com/download/android"" rel=""nofollow"">Twitter for Android</a>","KunaiDX",0,FALSE,FALSE,NA,NA
"138","RT @TyierraG: tik tok &amp; twitter is all the entertainment i need stg cause the ppl in this world are FUNNY.!üò≠üò≠üò≠üò≠",FALSE,0,NA,2022-09-26 21:51:34,FALSE,NA,"1574517057831325696",NA,"<a href=""http://twitter.com/download/iphone"" rel=""nofollow"">Twitter for iPhone</a>","_lyndiaaa",9,TRUE,FALSE,NA,NA
"139","RT @OmoteBiafra: ESN have no WhatsApp group, have no signal group, have no Instagram group,have no Facebook group.

 Mazi Chinasa Nworu",FALSE,0,NA,2022-09-26 21:51:30,FALSE,NA,"1574517043004833794",NA,"<a href=""http://twitter.com/download/android"" rel=""nofollow"">Twitter for Android</a>","NwabiafraO",199,TRUE,FALSE,NA,NA
"140","RT @ZssBecker: Its Monday. It's 4am.

Get shit done. Get in the gym. Don't do dumb shit.

There's absolutely no one stopping you from getti‚Ä¶",FALSE,0,NA,2022-09-26 21:51:30,FALSE,NA,"1574517040588771329",NA,"<a href=""http://twitter.com/download/iphone"" rel=""nofollow"">Twitter for iPhone</a>","kdogandhiscat",388,TRUE,FALSE,NA,NA
"141","RT @Marketineando: News: @Cre8tiveMarComs: 'Meta rolls out FB Reels to over 150 countries.
https://t.co/ONyEm3Hpmi 

#socialmedia #marketin‚Ä¶",FALSE,0,NA,2022-09-26 21:51:28,FALSE,NA,"1574517033307365388",NA,"<a href=""http://www.x3lgaming.com"" rel=""nofollow"">X3L Gaming </a>","vigomktgllc",2,TRUE,FALSE,NA,NA
"142","RT @SkylieJ_: I posted my mom wearing my brand on tik tok and she went viral ü§© https://t.co/XiuiTtPWGV",FALSE,0,NA,2022-09-26 21:51:27,FALSE,NA,"1574517028806750208",NA,"<a href=""http://twitter.com/download/iphone"" rel=""nofollow"">Twitter for iPhone</a>","tonetone703",915,TRUE,FALSE,NA,NA
"143","RT @AlaricAloor: https://t.co/PmZfWobTKw

And now a class action lawsuit against FB üëáüèæ

@MiaD @hessiejones @roxananasoi @psb_dc @DrJDroogha‚Ä¶",FALSE,0,NA,2022-09-26 21:51:26,FALSE,NA,"1574517025996562432",NA,"<a href=""https://mobile.twitter.com"" rel=""nofollow"">Twitter Web App</a>","psb_dc",3,TRUE,FALSE,NA,NA
"144","RT @basim_basim_bas: If you feel the need to, please feel free to leave the ST fandom! Dangerous shit is happening. Moving over to ST Tumbl‚Ä¶",FALSE,0,NA,2022-09-26 21:51:23,FALSE,NA,"1574517012927234049",NA,"<a href=""http://twitter.com/download/android"" rel=""nofollow"">Twitter for Android</a>","klownerys",32,TRUE,FALSE,NA,NA
"145","RT @SkylieJ_: I posted my mom wearing my brand on tik tok and she went viral ü§© https://t.co/XiuiTtPWGV",FALSE,0,NA,2022-09-26 21:51:23,FALSE,NA,"1574517011597647879",NA,"<a href=""http://twitter.com/download/iphone"" rel=""nofollow"">Twitter for iPhone</a>","ebbyjcakes",915,TRUE,FALSE,NA,NA
"146","My fav is when someone on tik tok is like ‚Äúbuy this and spray paint for this item‚Äù ‚Ä¶ where am I going to spray pain‚Ä¶ https://t.co/GJQmtf5gK1",FALSE,0,NA,2022-09-26 21:51:15,TRUE,NA,"1574516979037134850",NA,"<a href=""http://twitter.com/download/iphone"" rel=""nofollow"">Twitter for iPhone</a>","dff9f00",0,FALSE,FALSE,NA,NA
"147","User_lacking on tik tok that‚Äôs Me",FALSE,0,NA,2022-09-26 21:51:12,FALSE,NA,"1574516964436824064",NA,"<a href=""http://twitter.com/download/iphone"" rel=""nofollow"">Twitter for iPhone</a>","pimpjuiicee",0,FALSE,FALSE,NA,NA
"148","RT @10KDunkin: The period uhhh girl from tik tok jus got signed , dat jus stamped music isn‚Äôt bout talent no more its bout tik tok views",FALSE,0,NA,2022-09-26 21:51:11,FALSE,NA,"1574516964000530433",NA,"<a href=""http://twitter.com/download/iphone"" rel=""nofollow"">Twitter for iPhone</a>","wizardpem",67,TRUE,FALSE,NA,NA
"149","Telegram link:https://t.co/uUk6Bz13kK

Instagram link:https://t.co/LrNwj8DBTl

Facebook link:‚Ä¶ https://t.co/5FMqFWcQex",FALSE,0,NA,2022-09-26 21:51:06,TRUE,NA,"1574516940143734785",NA,"<a href=""http://twitter.com/download/android"" rel=""nofollow"">Twitter for Android</a>","KuttyOfficial5",0,FALSE,FALSE,NA,NA
"150","RT @SkylieJ_: I posted my mom wearing my brand on tik tok and she went viral ü§© https://t.co/XiuiTtPWGV",FALSE,0,NA,2022-09-26 21:51:05,FALSE,NA,"1574516935576125441",NA,"<a href=""http://twitter.com/download/iphone"" rel=""nofollow"">Twitter for iPhone</a>","itsxzoe",915,TRUE,FALSE,NA,NA
"151","RT @SkylieJ_: I posted my mom wearing my brand on tik tok and she went viral ü§© https://t.co/XiuiTtPWGV",FALSE,0,NA,2022-09-26 21:51:02,FALSE,NA,"1574516923806760960",NA,"<a href=""http://twitter.com/download/iphone"" rel=""nofollow"">Twitter for iPhone</a>","earthangelki",915,TRUE,FALSE,NA,NA
"152","We have helped alot of people Recover their lost/ Hacked Account and Wallets etc

Let me help you recover that your‚Ä¶ https://t.co/vDEFEobeaS",FALSE,0,NA,2022-09-26 21:51:01,TRUE,NA,"1574516921042874368",NA,"<a href=""http://twitter.com/download/iphone"" rel=""nofollow"">Twitter for iPhone</a>","jasonhacks_",0,FALSE,FALSE,NA,NA
"153","Whil(e) there are many social media scheduling tools out there, we highly recommend using the native Meta Planner f‚Ä¶ https://t.co/83B90qb69F",FALSE,0,NA,2022-09-26 21:51:00,TRUE,NA,"1574516914662973440",NA,"<a href=""https://mobile.twitter.com"" rel=""nofollow"">Twitter Web App</a>","JoeSocialMedia",0,FALSE,FALSE,NA,NA
"154","RT @NjimeziChidi: ESN have no WhatsApp group, no signal group, no Instagram group, have no Facebook group

Mazi @ChinasaNworu on Radio Biaf‚Ä¶",FALSE,0,NA,2022-09-26 21:50:55,FALSE,NA,"1574516895298232320",NA,"<a href=""http://twitter.com/download/android"" rel=""nofollow"">Twitter for Android</a>","NwabiafraO",89,TRUE,FALSE,NA,NA
"155","RT @JoeGalliNews: Don't miss a single episode! Subscribe to the NWA on YouTube today!
üì∫ https://t.co/nf11XsVhvw

Be sure to follow us on al‚Ä¶",FALSE,0,NA,2022-09-26 21:50:50,FALSE,NA,"1574516871985963008",NA,"<a href=""http://twitter.com/download/iphone"" rel=""nofollow"">Twitter for iPhone</a>","thetayavalkyrie",3,TRUE,FALSE,NA,NA
"156","RT @kyylareneee: Not this girl on tik tok wearing my brand and it got a million likes??)!)?  Hello??!)? https://t.co/SwVMVA2qKm",FALSE,0,NA,2022-09-26 21:50:46,FALSE,NA,"1574516858337763328",NA,"<a href=""http://twitter.com/download/iphone"" rel=""nofollow"">Twitter for iPhone</a>","locdupshawty",3,TRUE,FALSE,NA,NA
"157","tik tok has a bereal feature now???? lmao",FALSE,0,NA,2022-09-26 21:50:42,FALSE,NA,"1574516840071630848",NA,"<a href=""http://twitter.com/download/iphone"" rel=""nofollow"">Twitter for iPhone</a>","lil_nugget__",0,FALSE,FALSE,NA,NA
"158","RT @seonho_myhihyu: 220925 kimsda IG update:
https://t.co/2S2MFeOWHY

#Ô∏è‚É£PreferredVideo
Actor #KimSeonho who acted as Joe Simpson, whom we‚Ä¶",FALSE,0,NA,2022-09-26 21:50:40,FALSE,NA,"1574516830143512577",NA,"<a href=""http://twitter.com/download/android"" rel=""nofollow"">Twitter for Android</a>","preferkimseonho",35,TRUE,FALSE,NA,NA
"159","RT @SkylieJ_: I posted my mom wearing my brand on tik tok and she went viral ü§© https://t.co/XiuiTtPWGV",FALSE,0,NA,2022-09-26 21:50:34,FALSE,NA,"1574516807767056390",NA,"<a href=""http://twitter.com/download/iphone"" rel=""nofollow"">Twitter for iPhone</a>","shayyyybeeee",915,TRUE,FALSE,NA,NA
"160","RT @SkylieJ_: I posted my mom wearing my brand on tik tok and she went viral ü§© https://t.co/XiuiTtPWGV",FALSE,0,NA,2022-09-26 21:50:30,FALSE,NA,"1574516791766061056",NA,"<a href=""http://twitter.com/download/iphone"" rel=""nofollow"">Twitter for iPhone</a>","Jakaila15",915,TRUE,FALSE,NA,NA
"161","RT @SeanBurkeShow: I am begging BEGGING the people of Tik Tok to learn what POV means.",FALSE,0,NA,2022-09-26 21:50:29,FALSE,NA,"1574516787240058881",NA,"<a href=""http://twitter.com/download/iphone"" rel=""nofollow"">Twitter for iPhone</a>","twilly517",129,TRUE,FALSE,NA,NA
"162","RT @SkylieJ_: I posted my mom wearing my brand on tik tok and she went viral ü§© https://t.co/XiuiTtPWGV",FALSE,0,NA,2022-09-26 21:50:20,FALSE,NA,"1574516749369692160",NA,"<a href=""http://twitter.com/download/iphone"" rel=""nofollow"">Twitter for iPhone</a>","B0nB0n__",915,TRUE,FALSE,NA,NA
"163","RT @SkylieJ_: I posted my mom wearing my brand on tik tok and she went viral ü§© https://t.co/XiuiTtPWGV",FALSE,0,NA,2022-09-26 21:50:14,FALSE,NA,"1574516723843112961",NA,"<a href=""http://twitter.com/download/iphone"" rel=""nofollow"">Twitter for iPhone</a>","bcostello541",915,TRUE,FALSE,NA,NA
"164","RT @keepit100boxin2: TBE

Follow keepit100boxing on IG and Tik Tok and YouTube https://t.co/dYujj25M2V",FALSE,0,NA,2022-09-26 21:50:13,FALSE,NA,"1574516717338128384",NA,"<a href=""http://twitter.com/download/android"" rel=""nofollow"">Twitter for Android</a>","Tony05250130",1,TRUE,FALSE,NA,NA
"165","RT @SkylieJ_: I posted my mom wearing my brand on tik tok and she went viral ü§© https://t.co/XiuiTtPWGV",FALSE,0,NA,2022-09-26 21:50:09,FALSE,NA,"1574516702855012354",NA,"<a href=""https://mobile.twitter.com"" rel=""nofollow"">Twitter Web App</a>","cooghker",915,TRUE,FALSE,NA,NA
"166","the grip that hidden valley ranch seasoning packets and cream cheese (together or separate) have on white people on Tik Tok is insane",FALSE,2,NA,2022-09-26 21:50:08,FALSE,NA,"1574516696706011136",NA,"<a href=""http://twitter.com/download/iphone"" rel=""nofollow"">Twitter for iPhone</a>","slipknaughty_",0,FALSE,FALSE,NA,NA
"167","RT @SkylieJ_: I posted my mom wearing my brand on tik tok and she went viral ü§© https://t.co/XiuiTtPWGV",FALSE,0,NA,2022-09-26 21:50:04,FALSE,NA,"1574516680436375556",NA,"<a href=""http://twitter.com/download/android"" rel=""nofollow"">Twitter for Android</a>","mkhensani_",915,TRUE,FALSE,NA,NA
"168","RT @TeeChereaa: My favorite trend on Tik Tok right now ü•µ https://t.co/4KQ5C5ZDpi",FALSE,0,NA,2022-09-26 21:49:57,FALSE,NA,"1574516652112166912",NA,"<a href=""http://twitter.com/download/iphone"" rel=""nofollow"">Twitter for iPhone</a>","Penny_Proud_OK",6,TRUE,FALSE,NA,NA
"169","RT @SkylieJ_: I posted my mom wearing my brand on tik tok and she went viral ü§© https://t.co/XiuiTtPWGV",FALSE,0,NA,2022-09-26 21:49:54,FALSE,NA,"1574516637859868672",NA,"<a href=""http://twitter.com/download/iphone"" rel=""nofollow"">Twitter for iPhone</a>","G0D__C0mplex",915,TRUE,FALSE,NA,NA
"170","RT @TeeChereaa: My favorite trend on Tik Tok right now ü•µ https://t.co/4KQ5C5ZDpi",FALSE,0,NA,2022-09-26 21:49:51,FALSE,NA,"1574516627303206912",NA,"<a href=""http://twitter.com/download/iphone"" rel=""nofollow"">Twitter for iPhone</a>","__ellaBONITA",6,TRUE,FALSE,NA,NA
"171","@davenewworld_2 I'm waiting for that bear to post its Tik Tok about being harassed by a male Karen.",FALSE,1,"davenewworld_2",2022-09-26 21:49:51,FALSE,"1574514787438186498","1574516625562296338","886398296146706432","<a href=""https://mobile.twitter.com"" rel=""nofollow"">Twitter Web App</a>","TadhgPadraic",0,FALSE,FALSE,NA,NA
"172","RT @estudio_dlc: SERVICIOS ONLINE üåê https://t.co/LoV67ybs2y ‚úâÔ∏è info@estudio-dlc.comüìçNORDELTA https://t.co/KDxhvGdxAP üìçC.A.B.A. https://t.co‚Ä¶",FALSE,0,NA,2022-09-26 21:49:50,FALSE,NA,"1574516623897042944",NA,"<a href=""https://www.npmjs.com/package/twitter"" rel=""nofollow"">ttb - twitter trending brisbane</a>","AlvidaTheGreat",1,TRUE,FALSE,NA,NA
"173","RT @SkylieJ_: I posted my mom wearing my brand on tik tok and she went viral ü§© https://t.co/XiuiTtPWGV",FALSE,0,NA,2022-09-26 21:49:46,FALSE,NA,"1574516605974769664",NA,"<a href=""http://twitter.com/download/android"" rel=""nofollow"">Twitter for Android</a>","ColdRavenous",915,TRUE,FALSE,NA,NA
"174","Not this girl on tik tok wearing my brand and it got a million likes??)!)?  Hello??!)? https://t.co/SwVMVA2qKm",FALSE,80,NA,2022-09-26 21:49:46,FALSE,NA,"1574516603533737984",NA,"<a href=""http://twitter.com/download/iphone"" rel=""nofollow"">Twitter for iPhone</a>","kyylareneee",3,FALSE,FALSE,NA,NA
"175","I don‚Äôt know what the gifts mean on tik tok but I love sending them",FALSE,0,NA,2022-09-26 21:49:45,FALSE,NA,"1574516602510401555",NA,"<a href=""http://twitter.com/download/iphone"" rel=""nofollow"">Twitter for iPhone</a>","nprincessss_",0,FALSE,FALSE,NA,NA
"176","RT @SkylieJ_: I posted my mom wearing my brand on tik tok and she went viral ü§© https://t.co/XiuiTtPWGV",FALSE,0,NA,2022-09-26 21:49:44,FALSE,NA,"1574516598194462748",NA,"<a href=""http://twitter.com/download/iphone"" rel=""nofollow"">Twitter for iPhone</a>","teerobyn",915,TRUE,FALSE,NA,NA
"177","just finished editing a tik tok that is just tew gooodddd üò≠üò≠üò≠ but I‚Äôm gonna wait for halloween first to post it üò≠üò≠üò≠",FALSE,0,NA,2022-09-26 21:49:43,FALSE,NA,"1574516590946942976",NA,"<a href=""http://twitter.com/download/iphone"" rel=""nofollow"">Twitter for iPhone</a>","adjustyoursail",0,FALSE,FALSE,NA,NA
"178","RT @HughesDirect: Don't forget to enter our prize draw to #WIN a @BekoUK Oven!
This is a multi-platform prize draw and can be entered on Fa‚Ä¶",FALSE,0,NA,2022-09-26 21:49:41,FALSE,NA,"1574516583237574672",NA,"<a href=""http://twitter.com/download/android"" rel=""nofollow"">Twitter for Android</a>","StuartHicks12",364,TRUE,FALSE,NA,NA
"179","@usman__haruna I ask again, who later won the aero plane, the person suppose get Twitter handle, Instagram or Faceb‚Ä¶ https://t.co/5lIC8SeiGo",FALSE,0,"usman__haruna",2022-09-26 21:49:41,TRUE,"1574283941082701824","1574516582952288256","626849052","<a href=""http://twitter.com/download/iphone"" rel=""nofollow"">Twitter for iPhone</a>","Walezzy01",0,FALSE,FALSE,NA,NA
"180","RT @sophdoeslife: no joke I have had 6 pregnancy announcements, 3 births and 2 engagements on my facebook and instagram feeds in the past 2‚Ä¶",FALSE,0,NA,2022-09-26 21:49:33,FALSE,NA,"1574516552472428545",NA,"<a href=""http://twitter.com/download/iphone"" rel=""nofollow"">Twitter for iPhone</a>","Faryal97",14,TRUE,FALSE,NA,NA
"181","RT @SkylieJ_: I posted my mom wearing my brand on tik tok and she went viral ü§© https://t.co/XiuiTtPWGV",FALSE,0,NA,2022-09-26 21:49:33,FALSE,NA,"1574516549657960449",NA,"<a href=""http://twitter.com/download/android"" rel=""nofollow"">Twitter for Android</a>","TrinidadLetta",915,TRUE,FALSE,NA,NA
"182","@CallumTFFTT @FieryBreadman Bro that‚Äôs you? Goddam had I known this I would have followed u a while ago. Cuz I follow u on tik tok",FALSE,0,"CallumTFFTT",2022-09-26 21:49:26,FALSE,"1574512132552785920","1574516520667189248","1137207119625609216","<a href=""http://twitter.com/download/iphone"" rel=""nofollow"">Twitter for iPhone</a>","BigFlamesGuy1",0,FALSE,FALSE,NA,NA
"183","Tik tok videos that are made to be heartfelt where someone gets released after 30+ years are crazy that mf probably‚Ä¶ https://t.co/03MGOmXXk6",FALSE,1,NA,2022-09-26 21:49:24,TRUE,NA,"1574516511963611137",NA,"<a href=""http://twitter.com/download/iphone"" rel=""nofollow"">Twitter for iPhone</a>","PuroPincheHyphy",0,FALSE,FALSE,NA,NA
"184","RT @SiboKaur: Highest Instagram Engagement of Last Week   6.86%
Highiest Twitter Engagement of Last Week, 4.84%
Most Search YouTube Celebri‚Ä¶",FALSE,0,NA,2022-09-26 21:49:23,FALSE,NA,"1574516510005026832",NA,"<a href=""http://twitter.com/download/iphone"" rel=""nofollow"">Twitter for iPhone</a>","Baljeet1920",8,TRUE,FALSE,NA,NA
"185","RT @LilMoGh: My phone reach Facebook and instagram all
Everybro dey claim ownership üòÇüòÇüòÇüòÇüòÇ",FALSE,0,NA,2022-09-26 21:49:23,FALSE,NA,"1574516508813926400",NA,"<a href=""http://twitter.com/download/android"" rel=""nofollow"">Twitter for Android</a>","ackah_albertino",146,TRUE,FALSE,NA,NA
"186","@Troyttod @aginnt @TonyP12490831 Look how business model of Instagram, Facebook &amp; Hollywood etc works.

The money m‚Ä¶ https://t.co/pk36Uni38U",FALSE,0,"Troyttod",2022-09-26 21:49:21,TRUE,"1574464897592823808","1574516500022452225","938281796910927874","<a href=""http://twitter.com/download/iphone"" rel=""nofollow"">Twitter for iPhone</a>","UMilatz",0,FALSE,FALSE,NA,NA
"187","RT @SkylieJ_: I posted my mom wearing my brand on tik tok and she went viral ü§© https://t.co/XiuiTtPWGV",FALSE,0,NA,2022-09-26 21:49:20,FALSE,NA,"1574516496243515423",NA,"<a href=""http://twitter.com/download/iphone"" rel=""nofollow"">Twitter for iPhone</a>","missjinnelle",915,TRUE,FALSE,NA,NA
"188","RT @SkylieJ_: I posted my mom wearing my brand on tik tok and she went viral ü§© https://t.co/XiuiTtPWGV",FALSE,0,NA,2022-09-26 21:49:19,FALSE,NA,"1574516491571060757",NA,"<a href=""http://twitter.com/download/iphone"" rel=""nofollow"">Twitter for iPhone</a>","theejayr",915,TRUE,FALSE,NA,NA
"189","RT @Yellow_stone3: @Antoo_Ovalle El tik tok de ""I fuking hate my life everything sucks ‚ú® there's a tiny cow ‚ú®omg my life is amazing I love‚Ä¶",FALSE,0,NA,2022-09-26 21:49:18,FALSE,NA,"1574516488676921344",NA,"<a href=""http://twitter.com/download/iphone"" rel=""nofollow"">Twitter for iPhone</a>","macagonzalez0",1,TRUE,FALSE,NA,NA
"190","Guy on tik tok said he had to tell his WIFE that sometimes it‚Äôs hard being her husband bc she loves him too much an‚Ä¶ https://t.co/GhSbXW4R2P",FALSE,0,NA,2022-09-26 21:49:18,TRUE,NA,"1574516488303697933",NA,"<a href=""http://twitter.com/download/iphone"" rel=""nofollow"">Twitter for iPhone</a>","Off_ToPk",0,FALSE,FALSE,NA,NA
"191","RT @MeganTroy7: Help get the word out fann(e)dom. Let the Gentleman Jack fans on Facebook &amp; Instagram know how much fun every day is with t‚Ä¶",FALSE,0,NA,2022-09-26 21:49:17,FALSE,NA,"1574516484965122049",NA,"<a href=""http://twitter.com/download/iphone"" rel=""nofollow"">Twitter for iPhone</a>","cbr60637",9,TRUE,FALSE,NA,NA
"192","RT @naazkijaan: Highiest Instagram Engagement of Last Week   6.86%
Highiest Twitter Engagement of Last Week, 4.84%
Most Search YouTube Cele‚Ä¶",FALSE,0,NA,2022-09-26 21:49:16,FALSE,NA,"1574516480934305830",NA,"<a href=""http://twitter.com/download/iphone"" rel=""nofollow"">Twitter for iPhone</a>","Baljeet1920",8,TRUE,FALSE,NA,NA
"193","TBE

Follow keepit100boxing on IG and Tik Tok and YouTube https://t.co/dYujj25M2V",FALSE,5,NA,2022-09-26 21:49:15,FALSE,NA,"1574516474840219648",NA,"<a href=""http://twitter.com/download/iphone"" rel=""nofollow"">Twitter for iPhone</a>","keepit100boxin2",1,FALSE,FALSE,NA,NA
"194","RT @Doll_VT: Sorry I'm late with schedule, but here, come watch me play video games badly while being hot this week!

Twitch -&gt; https://t.c‚Ä¶",FALSE,0,NA,2022-09-26 21:49:14,FALSE,NA,"1574516470020726786",NA,"<a href=""https://mobile.twitter.com"" rel=""nofollow"">Twitter Web App</a>","Doll_VT",2,TRUE,FALSE,NA,NA
"195","RT @GrayFrequency: ‚úÖ#DeadbyDaylight
‚úÖ Survivor Memes
‚úÖ Huntress

#DeadbyDaylgiht #dbd #gaming #pcgaming #funny #Memes #YouTube #TikTok #ins‚Ä¶",FALSE,0,NA,2022-09-26 21:49:13,FALSE,NA,"1574516468926013447",NA,"<a href=""https://mobile.twitter.com"" rel=""nofollow"">Twitter Web App</a>","tomeraiderj",1,TRUE,FALSE,NA,NA
"196","RT @MewlionsUSA: IG &amp; FB Updates | metro.society / METROSOCIETY
9.26.2022

Share, Like and Comment Here
‚û°Ô∏èhttps://t.co/aeEDAADPI9
‚û°Ô∏èhttps:/‚Ä¶",FALSE,0,NA,2022-09-26 21:49:11,FALSE,NA,"1574516458368823297",NA,"<a href=""http://twitter.com/download/android"" rel=""nofollow"">Twitter for Android</a>","cherrymastah",2,TRUE,FALSE,NA,NA
"197","@TheSun The funny thing about this is that the sun propagandist will get dirty before someone goes to jail by a dirty car. tik tok",FALSE,0,"TheSun",2022-09-26 21:49:11,FALSE,"1574509259685085187","1574516457526136832","34655603","<a href=""https://mobile.twitter.com"" rel=""nofollow"">Twitter Web App</a>","argh0",0,FALSE,FALSE,NA,NA
"198","RT @BarefootCampus: It's time for another #barefoot6packgiveaway !!!
How to enter: 
‚ö°Follow us
‚ö°Like this tweet
‚ö°Retweet this tweet

Winner‚Ä¶",FALSE,0,NA,2022-09-26 21:49:11,FALSE,NA,"1574516456666062853",NA,"<a href=""http://twitter.com/download/iphone"" rel=""nofollow"">Twitter for iPhone</a>","CMcT89",172,TRUE,FALSE,NA,NA
"199","@deaccolin Go on tik tok and search ‚ÄúMW2 Proximity Chat‚Äù üòÇüòÇ shits dope",FALSE,0,"deaccolin",2022-09-26 21:49:08,FALSE,"1574515056603119617","1574516445341691904","1119335150003851264","<a href=""http://twitter.com/download/iphone"" rel=""nofollow"">Twitter for iPhone</a>","CooperPooper__",0,FALSE,FALSE,NA,NA
"200","RT @umuchiukwu: ESN have no WhatsApp group, no signal group, no Instagram group, have no Facebook group

Mazi @ChinasaNworu on Radio Biafra‚Ä¶",FALSE,0,NA,2022-09-26 21:49:06,FALSE,NA,"1574516439641628673",NA,"<a href=""http://twitter.com/download/android"" rel=""nofollow"">Twitter for Android</a>","AsaaEgwu",189,TRUE,FALSE,NA,NA
"201","RT @SkylieJ_: I posted my mom wearing my brand on tik tok and she went viral ü§© https://t.co/XiuiTtPWGV",FALSE,0,NA,2022-09-26 21:49:05,FALSE,NA,"1574516432246824986",NA,"<a href=""http://twitter.com/download/iphone"" rel=""nofollow"">Twitter for iPhone</a>","CHVNART",915,TRUE,FALSE,NA,NA
"202","I‚Äôve just watched a tik tok of someone unbox the Ariana Grande My Everything lavender clear split vinyl and full on‚Ä¶ https://t.co/YctjtcitXE",FALSE,0,NA,2022-09-26 21:49:04,TRUE,NA,"1574516428538929152",NA,"<a href=""http://twitter.com/download/iphone"" rel=""nofollow"">Twitter for iPhone</a>","maciemarv11",0,FALSE,FALSE,NA,NA
"203","RT @OmoteBiafra: ESN have no WhatsApp group, have no signal group, have no Instagram group,have no Facebook group.

 Mazi Chinasa Nworu",FALSE,0,NA,2022-09-26 21:49:02,FALSE,NA,"1574516420746121218",NA,"<a href=""http://twitter.com/download/android"" rel=""nofollow"">Twitter for Android</a>","ikechuk92338344",199,TRUE,FALSE,NA,NA
"204","#nowplaying on Mintwave Radio mint_01 #alexa #streema #Scotland #echo #global #uk #instagram #tiktok #twitter‚Ä¶ https://t.co/rYzW30vqG7",FALSE,0,NA,2022-09-26 21:49:01,TRUE,NA,"1574516417298243584",NA,"<a href=""https://radio.co"" rel=""nofollow"">Radio.co now playing</a>","Mintwaveradio",0,FALSE,FALSE,NA,NA
"205","@kasscib omg i just saw a tik tok about this. hotel girl for life. you can‚Äôt beat the free breakfast !!",FALSE,0,"kasscib",2022-09-26 21:49:00,FALSE,"1574507918048624641","1574516411468161024","2899832462","<a href=""http://twitter.com/download/iphone"" rel=""nofollow"">Twitter for iPhone</a>","basic_bianca",0,FALSE,FALSE,NA,NA
"206","RT @SkylieJ_: I posted my mom wearing my brand on tik tok and she went viral ü§© https://t.co/XiuiTtPWGV",FALSE,0,NA,2022-09-26 21:48:57,FALSE,NA,"1574516399447445504",NA,"<a href=""http://twitter.com/download/iphone"" rel=""nofollow"">Twitter for iPhone</a>","LamecaPeer",915,TRUE,FALSE,NA,NA
"207","RT @SeanBurkeShow: I am begging BEGGING the people of Tik Tok to learn what POV means.",FALSE,0,NA,2022-09-26 21:48:57,FALSE,NA,"1574516398247710720",NA,"<a href=""http://twitter.com/download/android"" rel=""nofollow"">Twitter for Android</a>","clitochondria",129,TRUE,FALSE,NA,NA
"208","RT @SkylieJ_: I posted my mom wearing my brand on tik tok and she went viral ü§© https://t.co/XiuiTtPWGV",FALSE,0,NA,2022-09-26 21:48:52,FALSE,NA,"1574516380749398016",NA,"<a href=""http://twitter.com/download/iphone"" rel=""nofollow"">Twitter for iPhone</a>","cherirchloe",915,TRUE,FALSE,NA,NA
"209","RT @SkylieJ_: I posted my mom wearing my brand on tik tok and she went viral ü§© https://t.co/XiuiTtPWGV",FALSE,0,NA,2022-09-26 21:48:49,FALSE,NA,"1574516366828265493",NA,"<a href=""http://twitter.com/download/iphone"" rel=""nofollow"">Twitter for iPhone</a>","Its_really_she",915,TRUE,FALSE,NA,NA
"210","RT @NCTDREAMrecords: Social Media Growth 09.18~09.24

Twitter
‚ûØ @NCTsmtown_DREAM

Spotify
‚ûØ https://t.co/iJ4KeV2lKp

Instagram
‚ûØ https://t.‚Ä¶",FALSE,0,NA,2022-09-26 21:48:41,FALSE,NA,"1574516333420548096",NA,"<a href=""http://twitter.com/download/android"" rel=""nofollow"">Twitter for Android</a>","KaeHime0317",249,TRUE,FALSE,NA,NA
"211","RT @SkylieJ_: I posted my mom wearing my brand on tik tok and she went viral ü§© https://t.co/XiuiTtPWGV",FALSE,0,NA,2022-09-26 21:48:38,FALSE,NA,"1574516319399321600",NA,"<a href=""http://twitter.com/download/iphone"" rel=""nofollow"">Twitter for iPhone</a>","diaryofnoire",915,TRUE,FALSE,NA,NA
"212","Another meme @instagram removed @Meta @OversightBoard @facebook https://t.co/FJ3WAR7SKP",FALSE,1,NA,2022-09-26 21:48:33,FALSE,NA,"1574516301045039104",NA,"<a href=""http://twitter.com/download/iphone"" rel=""nofollow"">Twitter for iPhone</a>","neuroticjewgay",0,FALSE,FALSE,NA,NA
"213","RT @MewlionsUSA: IG &amp; FB Updates | ch7hd_entertainment / Ch7HD Entertainment
9.26.2022

Share, Like and Comment Here:
‚û°Ô∏èhttps://t.co/69y5T5‚Ä¶",FALSE,0,NA,2022-09-26 21:48:33,FALSE,NA,"1574516300050841600",NA,"<a href=""http://twitter.com/download/android"" rel=""nofollow"">Twitter for Android</a>","Mewlions_0221",38,TRUE,FALSE,NA,NA
"214","RT @Danno_GSD: I‚Äôm impatient so I‚Äôm posting this here before it goes on tik tok https://t.co/86guFUl2QC",FALSE,0,NA,2022-09-26 21:48:32,FALSE,NA,"1574516294761607168",NA,"<a href=""https://mobile.twitter.com"" rel=""nofollow"">Twitter Web App</a>","wh1pp1ncr34m",7,TRUE,FALSE,NA,NA
"215","RT @SkylieJ_: I posted my mom wearing my brand on tik tok and she went viral ü§© https://t.co/XiuiTtPWGV",FALSE,0,NA,2022-09-26 21:48:32,FALSE,NA,"1574516293490745344",NA,"<a href=""http://twitter.com/download/iphone"" rel=""nofollow"">Twitter for iPhone</a>","dousmood",915,TRUE,FALSE,NA,NA
"216","@HotepJesus If Covid was a public health emergency worthy of shutting down the economy, schools, and churches... Th‚Ä¶ https://t.co/lpDhipo66R",FALSE,0,"HotepJesus",2022-09-26 21:48:29,TRUE,"1574515396211871744","1574516282036088832","21822997","<a href=""https://mobile.twitter.com"" rel=""nofollow"">Twitter Web App</a>","MFStathakis",0,FALSE,FALSE,NA,NA
"217","have not been able to go longer than an hour without rewatching that hatsune miku tik tok",FALSE,9,NA,2022-09-26 21:48:26,FALSE,NA,"1574516268371173382",NA,"<a href=""https://mobile.twitter.com"" rel=""nofollow"">Twitter Web App</a>","caseyaonso",0,FALSE,FALSE,NA,NA
"218","RT @SteveBrodt: üö®EPISODE 4 TONIGHTüö®

Don‚Äôt forget to share this link with #Alone üëáüèªüëáüèª
https://t.co/uPtcOhIjL9

And comment this weeks phras‚Ä¶",FALSE,0,NA,2022-09-26 21:48:25,FALSE,NA,"1574516267226058752",NA,"<a href=""http://twitter.com/download/android"" rel=""nofollow"">Twitter for Android</a>","AnnGarnerJones1",8,TRUE,FALSE,NA,NA
"219","RT @RadioKC: ‚ñÇ‚ñÇ‚ñÇ‚ñÇ‚ñÇ‚ñÇ‚ñÇ‚ñÇ‚ñÇ‚ñÇ‚ñÇ‚ñÇ‚ñÇ‚ñÇ
#TheWelcomeShow #226 PREMIERE

üîä @BadLlamaBand - Viper

NOV 2021 Single

üåê https://t.co/5gMacvQacn
üì∏ https://t.‚Ä¶",FALSE,0,NA,2022-09-26 21:48:21,FALSE,NA,"1574516247999684608",NA,"<a href=""http://twitter.com/download/iphone"" rel=""nofollow"">Twitter for iPhone</a>","BadLlamaBand",1,TRUE,FALSE,NA,NA
"220","RT @SkylieJ_: I posted my mom wearing my brand on tik tok and she went viral ü§© https://t.co/XiuiTtPWGV",FALSE,0,NA,2022-09-26 21:48:11,FALSE,NA,"1574516208837140480",NA,"<a href=""http://twitter.com/download/iphone"" rel=""nofollow"">Twitter for iPhone</a>","MontyShae",915,TRUE,FALSE,NA,NA
"221","RT @JoeGalliNews: Don't miss a single episode! Subscribe to the NWA on YouTube today!
üì∫ https://t.co/nf11XsVhvw

Be sure to follow us on al‚Ä¶",FALSE,0,NA,2022-09-26 21:48:08,FALSE,NA,"1574516196099121157",NA,"<a href=""http://twitter.com/download/iphone"" rel=""nofollow"">Twitter for iPhone</a>","Kamille_brick",3,TRUE,FALSE,NA,NA
"222","RT @SkylieJ_: I posted my mom wearing my brand on tik tok and she went viral ü§© https://t.co/XiuiTtPWGV",FALSE,0,NA,2022-09-26 21:48:08,FALSE,NA,"1574516193402449920",NA,"<a href=""http://twitter.com/download/iphone"" rel=""nofollow"">Twitter for iPhone</a>","__erykaa",915,TRUE,FALSE,NA,NA
"223","RT @SkylieJ_: I posted my mom wearing my brand on tik tok and she went viral ü§© https://t.co/XiuiTtPWGV",FALSE,0,NA,2022-09-26 21:48:07,FALSE,NA,"1574516191841902593",NA,"<a href=""http://twitter.com/download/iphone"" rel=""nofollow"">Twitter for iPhone</a>","jamissav",915,TRUE,FALSE,NA,NA
"224","RT @SkylieJ_: I posted my mom wearing my brand on tik tok and she went viral ü§© https://t.co/XiuiTtPWGV",FALSE,0,NA,2022-09-26 21:48:05,FALSE,NA,"1574516182463705088",NA,"<a href=""http://twitter.com/download/android"" rel=""nofollow"">Twitter for Android</a>","saltispepper",915,TRUE,FALSE,NA,NA
"225","Let me help you recover that your Hacked Facebook, Instagram, Twitter Pinterest, Gmail, Snapchat etc....‚Ä¶ https://t.co/4aW9dqzgg2",FALSE,0,NA,2022-09-26 21:48:01,TRUE,NA,"1574516163731652610",NA,"<a href=""http://twitter.com/download/iphone"" rel=""nofollow"">Twitter for iPhone</a>","point2_hack",0,FALSE,FALSE,NA,NA
"226","RT @SkylieJ_: I posted my mom wearing my brand on tik tok and she went viral ü§© https://t.co/XiuiTtPWGV",FALSE,0,NA,2022-09-26 21:48:00,FALSE,NA,"1574516162146230278",NA,"<a href=""http://twitter.com/download/android"" rel=""nofollow"">Twitter for Android</a>","namujk13",915,TRUE,FALSE,NA,NA
"227","A meme @instagram removed @Meta @OversightBoard @facebook https://t.co/GM2MEeSa3r",FALSE,2,NA,2022-09-26 21:47:51,FALSE,NA,"1574516123059785728",NA,"<a href=""http://twitter.com/download/iphone"" rel=""nofollow"">Twitter for iPhone</a>","neuroticjewgay",0,FALSE,FALSE,NA,NA
"228","RT @SkylieJ_: I posted my mom wearing my brand on tik tok and she went viral ü§© https://t.co/XiuiTtPWGV",FALSE,0,NA,2022-09-26 21:47:48,FALSE,NA,"1574516111646801920",NA,"<a href=""http://twitter.com/download/iphone"" rel=""nofollow"">Twitter for iPhone</a>","BeCallipygian",915,TRUE,FALSE,NA,NA
"229","News: @Cre8tiveMarComs: 'Meta rolls out FB Reels to over 150 countries.
https://t.co/ONyEm3Hpmi 

#socialmedia‚Ä¶ https://t.co/eCMGDaw7bJ",FALSE,0,NA,2022-09-26 21:47:48,TRUE,NA,"1574516108836716546",NA,"<a href=""https://www.tweetedtimes.com"" rel=""nofollow"">The Tweeted Times</a>","Marketineando",2,FALSE,FALSE,NA,NA
"230","@binance WHO SHOULD WE FOLLOW: Me ü§ó
WHY: Because I'm a Binance affiliate and i support the community and follow all‚Ä¶ https://t.co/BKkIViMJP1",FALSE,0,"binance",2022-09-26 21:47:43,TRUE,"1574501973235318825","1574516091614769153","877807935493033984","<a href=""http://twitter.com/download/android"" rel=""nofollow"">Twitter for Android</a>","Davidile",0,FALSE,FALSE,NA,NA
"231","RT @NjimeziChidi: ESN have no WhatsApp group, no signal group, no Instagram group, have no Facebook group

Mazi @ChinasaNworu on Radio Biaf‚Ä¶",FALSE,0,NA,2022-09-26 21:47:39,FALSE,NA,"1574516073893871622",NA,"<a href=""http://twitter.com/download/android"" rel=""nofollow"">Twitter for Android</a>","morrishtg",89,TRUE,FALSE,NA,NA
"232","RT @SkylieJ_: I posted my mom wearing my brand on tik tok and she went viral ü§© https://t.co/XiuiTtPWGV",FALSE,0,NA,2022-09-26 21:47:35,FALSE,NA,"1574516057678700555",NA,"<a href=""http://twitter.com/download/iphone"" rel=""nofollow"">Twitter for iPhone</a>","__solothuggin",915,TRUE,FALSE,NA,NA
"233","tik tok: someone showing a siren testing
comment: omg!!!! i thought this was a purge siren!!!!!üòµ‚Äçüí´üò≠

please I can‚Äôt y‚Äôall are so annoying",FALSE,0,NA,2022-09-26 21:47:32,FALSE,NA,"1574516042247847936",NA,"<a href=""http://twitter.com/download/iphone"" rel=""nofollow"">Twitter for iPhone</a>","peachpopss",0,FALSE,FALSE,NA,NA
"234","RT @SkylieJ_: I posted my mom wearing my brand on tik tok and she went viral ü§© https://t.co/XiuiTtPWGV",FALSE,0,NA,2022-09-26 21:47:31,FALSE,NA,"1574516037969596416",NA,"<a href=""http://twitter.com/download/android"" rel=""nofollow"">Twitter for Android</a>","DayDreaming51",915,TRUE,FALSE,NA,NA
"235","RT @SkylieJ_: I posted my mom wearing my brand on tik tok and she went viral ü§© https://t.co/XiuiTtPWGV",FALSE,0,NA,2022-09-26 21:47:30,FALSE,NA,"1574516033657913348",NA,"<a href=""http://twitter.com/download/iphone"" rel=""nofollow"">Twitter for iPhone</a>","EverythingAzeez",915,TRUE,FALSE,NA,NA
"236","RT @SkylieJ_: I posted my mom wearing my brand on tik tok and she went viral ü§© https://t.co/XiuiTtPWGV",FALSE,0,NA,2022-09-26 21:47:29,FALSE,NA,"1574516029752942592",NA,"<a href=""http://twitter.com/download/iphone"" rel=""nofollow"">Twitter for iPhone</a>","polarquinn",915,TRUE,FALSE,NA,NA
"237","RT @itsR_A_E: Whose idea was it to change Tik Tok‚Äôs editing section???? I CANNOT STAND IT",FALSE,0,NA,2022-09-26 21:47:23,FALSE,NA,"1574516005241438208",NA,"<a href=""http://twitter.com/download/iphone"" rel=""nofollow"">Twitter for iPhone</a>","shhanniie_",1,TRUE,FALSE,NA,NA
"238","This girl on Facebook always doing tik tok twerks on her story. She always make a stink face like she's stepping in a fraternity.",FALSE,0,NA,2022-09-26 21:47:22,FALSE,NA,"1574516000577691648",NA,"<a href=""http://twitter.com/download/iphone"" rel=""nofollow"">Twitter for iPhone</a>","JuicelessJay1",0,FALSE,FALSE,NA,NA
"239","RT @buczek_lech: Share the new #savearmenia action on twitter, facebook, instagram, whatsapp, telegram, vibe!

#savearmenia @serjtankian ht‚Ä¶",FALSE,0,NA,2022-09-26 21:47:15,FALSE,NA,"1574515972664307712",NA,"<a href=""http://twitter.com/download/iphone"" rel=""nofollow"">Twitter for iPhone</a>","dreeniem",379,TRUE,FALSE,NA,NA
"240","RT @SkylieJ_: I posted my mom wearing my brand on tik tok and she went viral ü§© https://t.co/XiuiTtPWGV",FALSE,0,NA,2022-09-26 21:47:15,FALSE,NA,"1574515971326214145",NA,"<a href=""http://twitter.com/download/iphone"" rel=""nofollow"">Twitter for iPhone</a>","husslequeenE",915,TRUE,FALSE,NA,NA
"241","RT @LilMoGh: My phone reach Facebook and instagram all
Everybro dey claim ownership üòÇüòÇüòÇüòÇüòÇ",FALSE,0,NA,2022-09-26 21:47:10,FALSE,NA,"1574515952032571410",NA,"<a href=""http://twitter.com/download/android"" rel=""nofollow"">Twitter for Android</a>","JeffPhilips_",146,TRUE,FALSE,NA,NA
"242","She wish her fans could ‚ÄúMass Buy‚Äù üòÇüòÇüòÇüòÇüòÇüòÇüòÇüòÇüòÇüòÇüòÇüòÇüòÇüòÇ

Her LABEL has to ‚ÄúMass Buy‚Äù Radio 

‚ÄúMass Buy‚Äù Viral Twitter Acc‚Ä¶ https://t.co/qJfvpvbjcz",FALSE,2,NA,2022-09-26 21:47:10,TRUE,NA,"1574515949046210562",NA,"<a href=""http://twitter.com/download/iphone"" rel=""nofollow"">Twitter for iPhone</a>","TheBlackSuccess",0,FALSE,FALSE,NA,NA
"243","RT @HughesDirect: Enter our latest prize draw to #WIN a @BekoUK AeroPerfect Oven!
This is a multi-platform prize draw and can be entered on‚Ä¶",FALSE,0,NA,2022-09-26 21:47:09,FALSE,NA,"1574515947599192075",NA,"<a href=""http://twitter.com/#!/download/ipad"" rel=""nofollow"">Twitter for iPad</a>","CB_WasADancer_3",1348,TRUE,FALSE,NA,NA
"244","Spice, Sean Paul, Shaggy - Go Down Deh (Tik Tok Remix 2022) | FAST &amp; FUR... https://t.co/DHV4yQ319n via @YouTube",FALSE,0,NA,2022-09-26 21:47:08,FALSE,NA,"1574515944319492096",NA,"<a href=""http://twitter.com/download/iphone"" rel=""nofollow"">Twitter for iPhone</a>","DiamondTrailz",0,FALSE,FALSE,NA,NA
"245","@Valere_ia @anesterova2 @AnaGarc12600762 @GangusKhan777 @TibiMagyari @Giobegood @Freemindgo @Freespe83912197‚Ä¶ https://t.co/uynGFF7huy",FALSE,0,"Valere_ia",2022-09-26 21:47:07,TRUE,"1574499424910426130","1574515937448849408","1550388835133304832","<a href=""https://mobile.twitter.com"" rel=""nofollow"">Twitter Web App</a>","Dankiner2",0,FALSE,FALSE,NA,NA
"246","RT @SkylieJ_: I posted my mom wearing my brand on tik tok and she went viral ü§© https://t.co/XiuiTtPWGV",FALSE,0,NA,2022-09-26 21:47:04,FALSE,NA,"1574515924836704263",NA,"<a href=""http://twitter.com/download/iphone"" rel=""nofollow"">Twitter for iPhone</a>","_bABYbELLA13",915,TRUE,FALSE,NA,NA
"247","RT @SkylieJ_: I posted my mom wearing my brand on tik tok and she went viral ü§© https://t.co/XiuiTtPWGV",FALSE,0,NA,2022-09-26 21:47:03,FALSE,NA,"1574515922731413505",NA,"<a href=""http://twitter.com/download/iphone"" rel=""nofollow"">Twitter for iPhone</a>","trayseasick",915,TRUE,FALSE,NA,NA
"248","RT @SkylieJ_: I posted my mom wearing my brand on tik tok and she went viral ü§© https://t.co/XiuiTtPWGV",FALSE,0,NA,2022-09-26 21:47:02,FALSE,NA,"1574515916221603843",NA,"<a href=""https://mobile.twitter.com"" rel=""nofollow"">Twitter Web App</a>","Mr_Hightower1",915,TRUE,FALSE,NA,NA
"249","deleted snap n insta.. gotta stick w my tik tok n twitter",FALSE,0,NA,2022-09-26 21:47:01,FALSE,NA,"1574515913696632845",NA,"<a href=""http://twitter.com/download/iphone"" rel=""nofollow"">Twitter for iPhone</a>","lyric_simonee",0,FALSE,FALSE,NA,NA
"250","RT @SkylieJ_: I posted my mom wearing my brand on tik tok and she went viral ü§© https://t.co/XiuiTtPWGV",FALSE,0,NA,2022-09-26 21:46:59,FALSE,NA,"1574515904263725057",NA,"<a href=""http://twitter.com/download/iphone"" rel=""nofollow"">Twitter for iPhone</a>","VictoriaAdamax",915,TRUE,FALSE,NA,NA
